~id,~label,device_id:String,device_type:String,is_emulator:Int,is_automation:Int
D_6TJFDNH0AT,device,D_6TJFDNH0AT,ios,0,0
D_8MYWGG0567,device,D_8MYWGG0567,ios,0,0
D_4D3VHMKZGP,device,D_4D3VHMKZGP,android,0,0
D_OTIS0U47MV,device,D_OTIS0U47MV,android,0,0
D_SE1QCKQ487,device,D_SE1QCKQ487,android,0,0
D_QGGZD04RIW,device,D_QGGZD04RIW,ios,0,0
D_YSZZI9KNOE,device,D_YSZZI9KNOE,windows,0,0
D_R9U3PFJOUY,device,D_R9U3PFJOUY,mac,0,0
D_VLZJA09R06,device,D_VLZJA09R06,ios,0,0
D_TT466OZAHC,device,D_TT466OZAHC,windows,0,0
D_PR18DPJMJP,device,D_PR18DPJMJP,linux,0,0
D_G8XC7VY2J0,device,D_G8XC7VY2J0,ios,0,0
D_KCSDLSH88P,device,D_KCSDLSH88P,ios,0,0
D_FSEFXWSCHY,device,D_FSEFXWSCHY,linux,0,0
D_KOH9LMJHR7,device,D_KOH9LMJHR7,ios,0,0
D_AJ2DAN9V40,device,D_AJ2DAN9V40,ios,0,0
D_71S71EUULO,device,D_71S71EUULO,android,0,0
D_17CKNM7UX1,device,D_17CKNM7UX1,android,0,0
D_Q4QVT81KPD,device,D_Q4QVT81KPD,android,0,0
D_G9O98POC4V,device,D_G9O98POC4V,android,0,0
D_GZIABSCAH3,device,D_GZIABSCAH3,android,0,0
D_T8VDUW35MP,device,D_T8VDUW35MP,ios,0,0
D_A3N20AV93C,device,D_A3N20AV93C,ios,0,0
D_UMJ83V7IL5,device,D_UMJ83V7IL5,android,0,0
D_GY2GNJXD6T,device,D_GY2GNJXD6T,windows,0,0
D_U0JOU2AKTX,device,D_U0JOU2AKTX,mac,0,0
D_INB1GBGE8H,device,D_INB1GBGE8H,android,0,0
D_AHAA11TACK,device,D_AHAA11TACK,ios,0,0
D_BTVMPMS5JK,device,D_BTVMPMS5JK,mac,0,0
D_M9HWNW4TSS,device,D_M9HWNW4TSS,ios,0,0
D_IZJ0UN5AAE,device,D_IZJ0UN5AAE,ios,0,0
D_7JU9CUA8LC,device,D_7JU9CUA8LC,windows,0,0
D_1KXBRBGFPE,device,D_1KXBRBGFPE,android,0,0
D_V0IAA08XQG,device,D_V0IAA08XQG,android,0,0
D_ZV1LSQI11I,device,D_ZV1LSQI11I,mac,0,0
D_WZCQL709YI,device,D_WZCQL709YI,linux,0,0
D_WSKD2LO3N7,device,D_WSKD2LO3N7,ios,0,0
D_CCVCF1J4P8,device,D_CCVCF1J4P8,windows,0,0
D_I7JTR29TEI,device,D_I7JTR29TEI,android,0,0
D_54K9DHLLP9,device,D_54K9DHLLP9,ios,0,0
D_94ZTFMERB5,device,D_94ZTFMERB5,mac,0,0
D_M8P8KLT7DE,device,D_M8P8KLT7DE,ios,0,0
D_8RHX5S2LSU,device,D_8RHX5S2LSU,ios,0,0
D_QV4PV82AN4,device,D_QV4PV82AN4,android,0,0
D_24VPF31GZH,device,D_24VPF31GZH,android,0,0
D_VFDDNL969E,device,D_VFDDNL969E,ios,0,0
D_OU7XRXA9NB,device,D_OU7XRXA9NB,mac,0,0
D_KBDKSDQ0Q1,device,D_KBDKSDQ0Q1,android,0,0
D_5EJEADFYWJ,device,D_5EJEADFYWJ,ios,0,0
D_F74I77SRID,device,D_F74I77SRID,android,0,0
D_NAQZKPIEFM,device,D_NAQZKPIEFM,android,0,0
D_L3EUGHPGPE,device,D_L3EUGHPGPE,ios,0,0
D_NN636WK3HO,device,D_NN636WK3HO,ios,0,0
D_PZFD35RXZ7,device,D_PZFD35RXZ7,android,0,0
D_LX7ET41BZN,device,D_LX7ET41BZN,ios,0,0
D_Z2R63K7IJN,device,D_Z2R63K7IJN,windows,0,0
D_GK3Z8X8VHC,device,D_GK3Z8X8VHC,ios,0,0
D_POAI4XLR3A,device,D_POAI4XLR3A,android,0,0
D_YTQZIO900Y,device,D_YTQZIO900Y,android,0,0
D_S1GU5EUYAT,device,D_S1GU5EUYAT,android,0,0
D_XZEY83B8SI,device,D_XZEY83B8SI,ios,0,0
D_AOVS0RK0A0,device,D_AOVS0RK0A0,ios,0,0
D_M3TZX2UGHI,device,D_M3TZX2UGHI,ios,0,0
D_QJWG70LRZ5,device,D_QJWG70LRZ5,android,0,0
D_SEFHSEYW0O,device,D_SEFHSEYW0O,ios,0,0
D_7CZEAM7M7Q,device,D_7CZEAM7M7Q,ios,0,0
D_2B7I5YBOJP,device,D_2B7I5YBOJP,ios,0,0
D_2R51MOA7AI,device,D_2R51MOA7AI,windows,0,0
D_Q3GONU79UL,device,D_Q3GONU79UL,linux,0,0
D_GXOTKVTKAL,device,D_GXOTKVTKAL,android,0,0
D_X9QQYLWGX2,device,D_X9QQYLWGX2,android,0,0
D_DUEV9OXTRW,device,D_DUEV9OXTRW,ios,0,0
D_P0VFB5TJDU,device,D_P0VFB5TJDU,android,0,0
D_6J359NPFU1,device,D_6J359NPFU1,android,0,0
D_NSET63XR0M,device,D_NSET63XR0M,android,0,0
D_1Q1J48LSEJ,device,D_1Q1J48LSEJ,android,0,0
D_7DMQBTDT0G,device,D_7DMQBTDT0G,android,0,0
D_GICQMX7ITR,device,D_GICQMX7ITR,ios,0,0
D_7ZXP2W8KD1,device,D_7ZXP2W8KD1,ios,0,0
D_9RBPH3OASY,device,D_9RBPH3OASY,ios,0,0
D_84OO5ILWN6,device,D_84OO5ILWN6,ios,0,0
D_FKY61PGH8N,device,D_FKY61PGH8N,ios,0,0
D_UPYOMVG2O3,device,D_UPYOMVG2O3,ios,0,0
D_LHFEBD09PT,device,D_LHFEBD09PT,ios,0,0
D_BP33SA0IWH,device,D_BP33SA0IWH,ios,0,0
D_FK2Z75USZJ,device,D_FK2Z75USZJ,ios,0,0
D_2BS7KGT7G4,device,D_2BS7KGT7G4,ios,0,0
D_41IG0HLN0E,device,D_41IG0HLN0E,android,0,0
D_ZC3HB9YTA8,device,D_ZC3HB9YTA8,android,0,0
D_7VVPVI104B,device,D_7VVPVI104B,mac,0,0
D_YFSM8WBXP0,device,D_YFSM8WBXP0,mac,0,0
D_379O25WIET,device,D_379O25WIET,android,0,0
D_P6SO8U5VD5,device,D_P6SO8U5VD5,android,0,0
D_5PG2JADRXT,device,D_5PG2JADRXT,ios,0,0
D_VDOEUUSU7H,device,D_VDOEUUSU7H,linux,0,0
D_K44ILBDTWH,device,D_K44ILBDTWH,android,0,0
D_7F0X38FC6Q,device,D_7F0X38FC6Q,windows,0,0
D_IK3F9W9KAY,device,D_IK3F9W9KAY,ios,0,0
D_DWKHOSMC3A,device,D_DWKHOSMC3A,android,0,0
D_IPBEWMO9T6,device,D_IPBEWMO9T6,ios,0,0
D_RQPJ6VB44N,device,D_RQPJ6VB44N,mac,0,0
D_2KV05WS57Y,device,D_2KV05WS57Y,ios,0,0
D_TFFCA9E8IE,device,D_TFFCA9E8IE,android,0,0
D_UNHZJ7J2LA,device,D_UNHZJ7J2LA,ios,0,0
D_UKD1TTJWYX,device,D_UKD1TTJWYX,windows,0,0
D_GCJFQRD3AF,device,D_GCJFQRD3AF,ios,0,0
D_EDCSEVYNBA,device,D_EDCSEVYNBA,windows,0,0
D_60P1ZL30HJ,device,D_60P1ZL30HJ,android,0,0
D_R807E9RPOG,device,D_R807E9RPOG,android,0,0
D_CBPSSHOGOC,device,D_CBPSSHOGOC,ios,0,0
D_SLOFBXVZ9Q,device,D_SLOFBXVZ9Q,mac,0,0
D_LKFAUXRHO6,device,D_LKFAUXRHO6,android,0,0
D_SQJQOVIBWF,device,D_SQJQOVIBWF,android,0,0
D_KA7EC653YC,device,D_KA7EC653YC,android,0,0
D_ZQ6I26UNFK,device,D_ZQ6I26UNFK,ios,0,0
D_3UYARCR4ZM,device,D_3UYARCR4ZM,ios,0,0
D_5AU4GBO1VK,device,D_5AU4GBO1VK,android,0,0
D_OR5FSH414J,device,D_OR5FSH414J,android,0,0
D_3D56JLHHJS,device,D_3D56JLHHJS,android,0,0
D_8KHQC4XFDF,device,D_8KHQC4XFDF,android,0,0
D_JSLSPGF1V2,device,D_JSLSPGF1V2,android,0,0
D_F0J72WZUQU,device,D_F0J72WZUQU,mac,0,0
D_G8DIHNLJ2M,device,D_G8DIHNLJ2M,android,0,0
D_WOX5PJTIU0,device,D_WOX5PJTIU0,android,0,0
D_HDPDMT7OWD,device,D_HDPDMT7OWD,mac,0,0
D_K6R9BSL4C2,device,D_K6R9BSL4C2,android,0,0
D_Y4J58TQCH9,device,D_Y4J58TQCH9,android,0,0
D_IX044O4ZGN,device,D_IX044O4ZGN,android,0,0
D_40W7D53O9Y,device,D_40W7D53O9Y,windows,0,0
D_7IYDWDXX5H,device,D_7IYDWDXX5H,android,0,0
D_UOSGPRSRUE,device,D_UOSGPRSRUE,ios,0,0
D_YT8NX3P4AG,device,D_YT8NX3P4AG,android,0,0
D_KY5UMBASDM,device,D_KY5UMBASDM,ios,0,0
D_TPYD277G5Y,device,D_TPYD277G5Y,ios,0,0
D_ZMRWH2VBWB,device,D_ZMRWH2VBWB,android,0,0
D_QKLW71GHB7,device,D_QKLW71GHB7,ios,0,0
D_VVC4A2R24A,device,D_VVC4A2R24A,android,0,0
D_3MLWU1LRZH,device,D_3MLWU1LRZH,android,0,0
D_FX9JSFVX78,device,D_FX9JSFVX78,windows,0,0
D_A1KE705680,device,D_A1KE705680,ios,0,0
D_MCN39PQG7X,device,D_MCN39PQG7X,ios,0,0
D_RU3JLHJDBH,device,D_RU3JLHJDBH,android,0,0
D_O4T69W9YX1,device,D_O4T69W9YX1,ios,0,0
D_1JZCNWH0GR,device,D_1JZCNWH0GR,ios,0,0
D_FI75F2QDSR,device,D_FI75F2QDSR,mac,0,0
D_1N0GLM2H78,device,D_1N0GLM2H78,ios,0,0
D_2VNEG45RME,device,D_2VNEG45RME,android,0,0
D_2TBWYQDD4Q,device,D_2TBWYQDD4Q,ios,0,0
D_JMGFPIAJD8,device,D_JMGFPIAJD8,ios,0,0
D_EEKDKOW0PD,device,D_EEKDKOW0PD,ios,0,0
D_4AYPOD0KES,device,D_4AYPOD0KES,android,0,0
D_M2L1D5VF3N,device,D_M2L1D5VF3N,windows,0,0
D_NDC32TQVCH,device,D_NDC32TQVCH,android,0,0
D_WWOSOY1G24,device,D_WWOSOY1G24,android,0,0
D_WHNPR5C8EV,device,D_WHNPR5C8EV,android,0,0
D_RBCREVOHK7,device,D_RBCREVOHK7,ios,0,0
D_H09BCTB8Z5,device,D_H09BCTB8Z5,android,0,0
D_NICMLE1FGU,device,D_NICMLE1FGU,android,0,0
D_4PFVEL4P4A,device,D_4PFVEL4P4A,android,0,0
D_3DNQGS5V6F,device,D_3DNQGS5V6F,ios,0,0
D_P0F05043Y8,device,D_P0F05043Y8,windows,0,0
D_FXR6CI7F7N,device,D_FXR6CI7F7N,android,0,0
D_HWIC9LOBIT,device,D_HWIC9LOBIT,ios,0,0
D_KRB4LTX0IM,device,D_KRB4LTX0IM,android,0,0
D_PMB8MOD7NT,device,D_PMB8MOD7NT,ios,0,0
D_HJHYKG38S3,device,D_HJHYKG38S3,ios,0,0
D_0F7M0Z5KHY,device,D_0F7M0Z5KHY,android,0,0
D_CJ43SUI4PR,device,D_CJ43SUI4PR,ios,0,0
D_NJCZOEFZ6G,device,D_NJCZOEFZ6G,ios,0,0
D_VIC2AB1Q70,device,D_VIC2AB1Q70,ios,0,0
D_NDAGFT9QQ9,device,D_NDAGFT9QQ9,ios,0,0
D_OZO6EDGS6F,device,D_OZO6EDGS6F,ios,0,0
D_AXC6Y53QDN,device,D_AXC6Y53QDN,ios,0,0
D_HTU631JOB7,device,D_HTU631JOB7,ios,0,0
D_0SXUAIJVNZ,device,D_0SXUAIJVNZ,mac,0,0
D_R8NNZBIOTY,device,D_R8NNZBIOTY,mac,0,0
D_WXDZ4MT6E1,device,D_WXDZ4MT6E1,windows,0,0
D_5XCQRMRL1S,device,D_5XCQRMRL1S,ios,0,0
D_VV8I3U48FJ,device,D_VV8I3U48FJ,android,0,0
D_KDREXSC05J,device,D_KDREXSC05J,android,0,0
D_6I7QEQKFON,device,D_6I7QEQKFON,ios,0,0
D_239SXM5BY4,device,D_239SXM5BY4,mac,0,0
D_023291LQ9A,device,D_023291LQ9A,linux,0,0
D_DX87N6C0KW,device,D_DX87N6C0KW,android,0,0
D_VA602NCW3Z,device,D_VA602NCW3Z,ios,0,0
D_2798NVN4WH,device,D_2798NVN4WH,android,0,0
D_CO2R60SIM4,device,D_CO2R60SIM4,ios,0,0
D_DZ0ECOJBIT,device,D_DZ0ECOJBIT,ios,0,0
D_EQ2KNW5ZP6,device,D_EQ2KNW5ZP6,android,0,0
D_C37Q5DKP0X,device,D_C37Q5DKP0X,ios,0,0
D_FI7MCU7WHZ,device,D_FI7MCU7WHZ,ios,0,0
D_FQ5201XCER,device,D_FQ5201XCER,ios,0,0
D_BF5UXDLTH6,device,D_BF5UXDLTH6,android,0,0
D_S5VTBQ56E3,device,D_S5VTBQ56E3,linux,0,0
D_1EPTZVFUCG,device,D_1EPTZVFUCG,android,0,0
D_GLHCQXM3VO,device,D_GLHCQXM3VO,ios,0,0
D_H000QH7D3U,device,D_H000QH7D3U,android,0,0
D_YH8G05ZXI1,device,D_YH8G05ZXI1,android,0,0
D_S9CSG0V5IF,device,D_S9CSG0V5IF,windows,0,0
D_J5B374LKTT,device,D_J5B374LKTT,android,0,0
D_XT837G2O5E,device,D_XT837G2O5E,ios,0,0
D_G6JSD02S1J,device,D_G6JSD02S1J,ios,0,0
D_6HY970TH5C,device,D_6HY970TH5C,mac,0,0
D_AOA8GCBQL2,device,D_AOA8GCBQL2,ios,0,0
D_SJQI9JP551,device,D_SJQI9JP551,android,0,0
D_RYPPGAQ6M2,device,D_RYPPGAQ6M2,ios,0,0
D_YWDKVBCSW1,device,D_YWDKVBCSW1,android,0,0
D_2FBV90QPKF,device,D_2FBV90QPKF,ios,0,0
D_IXI3WGU6BM,device,D_IXI3WGU6BM,ios,0,0
D_HCAMXICG16,device,D_HCAMXICG16,android,0,0
D_1XVEUAA2U4,device,D_1XVEUAA2U4,android,0,0
D_PX19QUP65U,device,D_PX19QUP65U,android,0,0
D_SZHFFBR1IU,device,D_SZHFFBR1IU,android,0,0
D_D4ZYP88MNQ,device,D_D4ZYP88MNQ,ios,0,0
D_LX6DWG6IQY,device,D_LX6DWG6IQY,android,0,0
D_C0OPN4B5NG,device,D_C0OPN4B5NG,android,0,0
D_78WSX9LJK1,device,D_78WSX9LJK1,android,0,0
D_0JMFX140PW,device,D_0JMFX140PW,android,0,0
D_69OIURF2O5,device,D_69OIURF2O5,windows,0,0
D_29MK0JBFH5,device,D_29MK0JBFH5,android,0,0
D_15ZZ7SUWB9,device,D_15ZZ7SUWB9,ios,0,0
D_44BCFL6QOQ,device,D_44BCFL6QOQ,android,0,0
D_QZL7NWGW4B,device,D_QZL7NWGW4B,android,0,0
D_OV18ASG7GJ,device,D_OV18ASG7GJ,android,0,0
D_AKR719U7TJ,device,D_AKR719U7TJ,android,0,0
D_Q2JUPQXIWS,device,D_Q2JUPQXIWS,android,0,0
D_3TJ44R0SHG,device,D_3TJ44R0SHG,mac,0,0
D_DB1TTT542F,device,D_DB1TTT542F,android,0,0
D_U3663XRO8Y,device,D_U3663XRO8Y,ios,0,0
D_UTC0PAD0H8,device,D_UTC0PAD0H8,windows,0,0
D_KW3FMKXBCB,device,D_KW3FMKXBCB,windows,0,0
D_NGIACD0EQA,device,D_NGIACD0EQA,ios,0,0
D_84FDV17A5F,device,D_84FDV17A5F,ios,0,0
D_H9I1I1UBGV,device,D_H9I1I1UBGV,android,0,0
D_TDD9RPAQ5X,device,D_TDD9RPAQ5X,ios,0,0
D_DLNHCYKDJK,device,D_DLNHCYKDJK,android,0,0
D_71TD5DBSBT,device,D_71TD5DBSBT,linux,0,0
D_PVU5OWQ911,device,D_PVU5OWQ911,ios,0,0
D_2DFIMI2OUU,device,D_2DFIMI2OUU,ios,0,0
D_WYTJA7A351,device,D_WYTJA7A351,android,0,0
D_B49GK44KVV,device,D_B49GK44KVV,ios,0,0
D_DRQZZGYQFC,device,D_DRQZZGYQFC,windows,0,0
D_U4YNFF9P3L,device,D_U4YNFF9P3L,ios,0,0
D_CFNRZXD7CA,device,D_CFNRZXD7CA,android,0,0
D_RI03X9NF2B,device,D_RI03X9NF2B,ios,0,0
D_N8S7SGEKOM,device,D_N8S7SGEKOM,android,0,0
D_UNANEWE64F,device,D_UNANEWE64F,android,0,0
D_VF2XICRWWF,device,D_VF2XICRWWF,mac,0,0
D_BIWWH3H7F0,device,D_BIWWH3H7F0,android,0,0
D_J7HJNFUNES,device,D_J7HJNFUNES,windows,0,0
D_ROWRMUSVNC,device,D_ROWRMUSVNC,android,0,0
D_RX33PFEQKR,device,D_RX33PFEQKR,mac,0,0
D_XETLMHT9JF,device,D_XETLMHT9JF,ios,0,0
D_X8K6RMNDDO,device,D_X8K6RMNDDO,android,0,0
D_PV5QOUHPDQ,device,D_PV5QOUHPDQ,android,0,0
D_4FWDM2H3TX,device,D_4FWDM2H3TX,ios,0,0
D_4I3CLK6PBQ,device,D_4I3CLK6PBQ,android,0,0
D_P77XAZR3SL,device,D_P77XAZR3SL,android,0,0
D_VRQLM9J2GI,device,D_VRQLM9J2GI,android,0,0
D_7K89RZMZ3N,device,D_7K89RZMZ3N,ios,0,0
D_SUPD140MMV,device,D_SUPD140MMV,ios,0,0
D_GCKH7Z37QT,device,D_GCKH7Z37QT,ios,0,0
D_5ECEWVTI1U,device,D_5ECEWVTI1U,linux,0,0
D_HC4I6HFYV0,device,D_HC4I6HFYV0,android,0,0
D_WX4B8KKJWW,device,D_WX4B8KKJWW,ios,0,0
D_E4P29J1YOR,device,D_E4P29J1YOR,android,0,0
D_G7LT4RLQSY,device,D_G7LT4RLQSY,ios,0,0
D_GMZT1IHJU2,device,D_GMZT1IHJU2,ios,0,0
D_RM6LQYC2VZ,device,D_RM6LQYC2VZ,android,0,0
D_OR7234089P,device,D_OR7234089P,android,0,0
D_V8MRU2ULTY,device,D_V8MRU2ULTY,windows,0,0
D_6HVMUQM990,device,D_6HVMUQM990,windows,0,0
D_CUGKAZ1PAI,device,D_CUGKAZ1PAI,mac,0,0
D_9S3WBJCBFD,device,D_9S3WBJCBFD,ios,0,0
D_UF734C9ZPE,device,D_UF734C9ZPE,ios,0,0
D_PXR4451RZU,device,D_PXR4451RZU,ios,0,0
D_IE6HOE70WQ,device,D_IE6HOE70WQ,android,0,0
D_IS7DE8I9TG,device,D_IS7DE8I9TG,android,0,0
D_PR92QIO0OZ,device,D_PR92QIO0OZ,android,0,0
D_RUSA5YLQ96,device,D_RUSA5YLQ96,android,0,0
D_RZGWS1VB68,device,D_RZGWS1VB68,android,0,0
D_47ZASUWCQ1,device,D_47ZASUWCQ1,android,0,0
D_VC911MSH8M,device,D_VC911MSH8M,ios,0,0
D_JLOYMFAGDD,device,D_JLOYMFAGDD,android,0,0
D_8HYXG8WO23,device,D_8HYXG8WO23,mac,0,0
D_D01O6EEUP2,device,D_D01O6EEUP2,android,0,0
D_I0YH478AT3,device,D_I0YH478AT3,android,0,0
D_SQ0Z9OPV6V,device,D_SQ0Z9OPV6V,android,0,0
D_WEUUPKS82E,device,D_WEUUPKS82E,ios,0,0
D_2VR9C0O1UQ,device,D_2VR9C0O1UQ,ios,0,0
D_HMBAAZGE0L,device,D_HMBAAZGE0L,ios,0,0
D_VW0JM0TPUD,device,D_VW0JM0TPUD,android,0,0
D_4TXAWQGBOS,device,D_4TXAWQGBOS,ios,0,0
D_0C9Q5S23DG,device,D_0C9Q5S23DG,windows,0,0
D_OK3UY885SA,device,D_OK3UY885SA,linux,0,0
D_DOYSYQBBPK,device,D_DOYSYQBBPK,ios,0,0
D_M3BQ6DPQ2T,device,D_M3BQ6DPQ2T,ios,0,0
D_KE7705ZIUC,device,D_KE7705ZIUC,android,0,0
D_DK8LAISUFL,device,D_DK8LAISUFL,windows,0,0
D_476CA1KCS8,device,D_476CA1KCS8,ios,0,0
D_PKVDALWG6O,device,D_PKVDALWG6O,android,0,0
D_RRBQSPMYFL,device,D_RRBQSPMYFL,mac,0,0
D_6H35OVYPK1,device,D_6H35OVYPK1,android,0,0
D_JNAWKATI0O,device,D_JNAWKATI0O,ios,0,0
D_7C4EBX2LDF,device,D_7C4EBX2LDF,linux,0,0
D_AJTK3S64MR,device,D_AJTK3S64MR,ios,0,0
D_ZXN9BSN46I,device,D_ZXN9BSN46I,ios,0,0
D_TJMUEOY2QV,device,D_TJMUEOY2QV,android,0,0
D_EEAUVH1TGN,device,D_EEAUVH1TGN,ios,0,0
D_1T4AYIU56T,device,D_1T4AYIU56T,linux,0,0
D_AI2MKFP0X5,device,D_AI2MKFP0X5,android,0,0
D_J52352XYPD,device,D_J52352XYPD,windows,0,0
D_5GTR5IQUM9,device,D_5GTR5IQUM9,ios,0,0
D_JXP1L3LVBC,device,D_JXP1L3LVBC,ios,0,0
D_DWG9TMAY2Q,device,D_DWG9TMAY2Q,android,1,1
D_NR2IN7SRVV,device,D_NR2IN7SRVV,mac,0,0
D_KBH983GBPN,device,D_KBH983GBPN,ios,0,0
D_4H5TWGTYQG,device,D_4H5TWGTYQG,android,0,0
D_GNUB2QXSHN,device,D_GNUB2QXSHN,ios,0,0
D_3YMBRM16LU,device,D_3YMBRM16LU,windows,0,0
D_CMUSX2A9RC,device,D_CMUSX2A9RC,mac,0,0
D_HKMYUJU387,device,D_HKMYUJU387,android,0,0
D_73GQX4G7BO,device,D_73GQX4G7BO,android,0,0
D_8B8O8OPZEZ,device,D_8B8O8OPZEZ,ios,0,0
D_DBCOMCOA6N,device,D_DBCOMCOA6N,ios,0,0
D_TIXO9UBKWW,device,D_TIXO9UBKWW,ios,0,0
D_5KJDU3R26Z,device,D_5KJDU3R26Z,ios,0,0
D_I7PIHIOUD1,device,D_I7PIHIOUD1,android,0,0
D_QBFON7V1DE,device,D_QBFON7V1DE,android,0,0
D_COWHW41NPJ,device,D_COWHW41NPJ,ios,0,0
D_JSSFXSI3TP,device,D_JSSFXSI3TP,windows,0,0
D_8Z7GY73B5E,device,D_8Z7GY73B5E,linux,0,0
D_Q44VTUDV5N,device,D_Q44VTUDV5N,android,0,0
D_I0N54NE3RO,device,D_I0N54NE3RO,android,0,0
D_WV2QCN99OK,device,D_WV2QCN99OK,ios,0,0
D_RDGOQXNQKM,device,D_RDGOQXNQKM,android,0,0
D_QMH5WF5IV7,device,D_QMH5WF5IV7,android,0,0
D_40UNDDG3OD,device,D_40UNDDG3OD,linux,0,0
D_EV6MO1FX6V,device,D_EV6MO1FX6V,android,0,0
D_B6P325NH1X,device,D_B6P325NH1X,android,0,0
D_KLUT6PLM58,device,D_KLUT6PLM58,ios,0,0
D_DPU93J21EX,device,D_DPU93J21EX,android,0,0
D_4KVHY58PGU,device,D_4KVHY58PGU,ios,0,0
D_XFRLFXOF56,device,D_XFRLFXOF56,windows,0,0
D_G2PB0OQ7XQ,device,D_G2PB0OQ7XQ,ios,0,0
D_57LKLPAKIY,device,D_57LKLPAKIY,android,0,0
D_DFJYI2YIR9,device,D_DFJYI2YIR9,ios,0,0
D_AZDWIJJ7IF,device,D_AZDWIJJ7IF,android,0,0
D_WJ9ZQ9H6VR,device,D_WJ9ZQ9H6VR,android,0,0
D_TH0VT876KU,device,D_TH0VT876KU,android,0,0
D_OQ0DD8ADLF,device,D_OQ0DD8ADLF,ios,0,0
D_UMACWPKP8I,device,D_UMACWPKP8I,android,0,0
D_1PD9UE7HWX,device,D_1PD9UE7HWX,android,0,0
D_JQAEKNY6JF,device,D_JQAEKNY6JF,linux,0,0
D_I4B1GHV47T,device,D_I4B1GHV47T,ios,0,0
D_BQ41I1IRSJ,device,D_BQ41I1IRSJ,mac,0,0
D_TI9MAPB3AK,device,D_TI9MAPB3AK,android,0,0
D_FQAHPXRIOZ,device,D_FQAHPXRIOZ,ios,0,0
D_MMP8DM4W7A,device,D_MMP8DM4W7A,android,0,0
D_CSDARXX7QS,device,D_CSDARXX7QS,android,0,0
D_W5M723TICY,device,D_W5M723TICY,ios,0,0
D_VZNEX5CIJM,device,D_VZNEX5CIJM,android,0,0
D_9RMDS9Z34K,device,D_9RMDS9Z34K,android,0,0
D_KF9J3JO9O1,device,D_KF9J3JO9O1,android,0,0
D_6872LAQFVK,device,D_6872LAQFVK,android,0,0
D_IFA9MKEDDO,device,D_IFA9MKEDDO,android,0,0
D_YU8GCIW20O,device,D_YU8GCIW20O,android,0,0
D_L3FDF9K8LZ,device,D_L3FDF9K8LZ,ios,0,0
D_KDEUWIVIVZ,device,D_KDEUWIVIVZ,android,0,0
D_NN1D83142P,device,D_NN1D83142P,ios,0,0
D_UJ0CQEW03X,device,D_UJ0CQEW03X,ios,0,0
D_21O3RYFFGZ,device,D_21O3RYFFGZ,ios,0,0
D_PTNYOFDKW3,device,D_PTNYOFDKW3,ios,0,0
D_OLOBMC14OR,device,D_OLOBMC14OR,android,0,0
D_KEPGZHK8XM,device,D_KEPGZHK8XM,android,0,0
D_AP3KD8T0XB,device,D_AP3KD8T0XB,android,0,0
D_R57V8C4QJW,device,D_R57V8C4QJW,ios,0,0
D_10TZ7OB0JY,device,D_10TZ7OB0JY,android,0,0
D_67U6O1V0K2,device,D_67U6O1V0K2,android,0,0
D_2V8CDK74SS,device,D_2V8CDK74SS,linux,0,0
D_QILQWHMFCG,device,D_QILQWHMFCG,mac,0,0
D_C47WKRW036,device,D_C47WKRW036,android,0,0
D_QQQCU1691A,device,D_QQQCU1691A,android,0,0
D_J7D94RGOI9,device,D_J7D94RGOI9,android,0,0
D_E7KFEBSOGS,device,D_E7KFEBSOGS,android,0,0
D_OB6MMBN3L9,device,D_OB6MMBN3L9,android,0,0
D_H7H6WKN57R,device,D_H7H6WKN57R,android,0,0
D_NWY4JEGVMT,device,D_NWY4JEGVMT,ios,0,0
D_ZG82ATPQOE,device,D_ZG82ATPQOE,android,0,0
D_0EQLPGQ91C,device,D_0EQLPGQ91C,windows,0,0
D_7DNZ4HGULK,device,D_7DNZ4HGULK,ios,0,0
D_O4XC1CLOV1,device,D_O4XC1CLOV1,android,0,0
D_DWMYWP2POY,device,D_DWMYWP2POY,android,0,0
D_KWR5CPKZK5,device,D_KWR5CPKZK5,ios,0,0
D_SDPKIO8XLS,device,D_SDPKIO8XLS,android,0,0
D_HFKF2FNPAV,device,D_HFKF2FNPAV,mac,0,0
D_J7DOMZGAVC,device,D_J7DOMZGAVC,android,0,0
D_BXJ5NNUWOR,device,D_BXJ5NNUWOR,android,0,0
D_J00GPSLR2J,device,D_J00GPSLR2J,ios,0,0
D_EZEQARCU0M,device,D_EZEQARCU0M,windows,0,0
D_MWIHVZXA1N,device,D_MWIHVZXA1N,android,0,0
D_16DB4ULLYV,device,D_16DB4ULLYV,android,0,0
D_6LY83MMGQG,device,D_6LY83MMGQG,linux,0,0
D_KQ87B1ZSS0,device,D_KQ87B1ZSS0,ios,0,0
D_8UA6OYPQPG,device,D_8UA6OYPQPG,android,0,0
D_EF4VQ41HER,device,D_EF4VQ41HER,android,0,0
D_CY1IMQ9PGI,device,D_CY1IMQ9PGI,android,0,0
D_7B1GMEHIN2,device,D_7B1GMEHIN2,android,0,0
D_PB570TDMEH,device,D_PB570TDMEH,ios,0,0
D_ZHCPP6J5GL,device,D_ZHCPP6J5GL,android,0,0
D_3L2KPXB5CK,device,D_3L2KPXB5CK,android,0,0
D_4J1GWL2IXA,device,D_4J1GWL2IXA,ios,0,0
D_WOOYK92Q1S,device,D_WOOYK92Q1S,android,0,0
D_OV5FP7VMRF,device,D_OV5FP7VMRF,ios,0,0
D_45EBGPVYFS,device,D_45EBGPVYFS,windows,0,0
D_X6VTGPG7YW,device,D_X6VTGPG7YW,ios,0,0
D_5REQ90DQHJ,device,D_5REQ90DQHJ,ios,0,0
D_4FL40VXT83,device,D_4FL40VXT83,ios,0,0
D_EXHUZTOCI5,device,D_EXHUZTOCI5,ios,0,0
D_WDJVFYKFY8,device,D_WDJVFYKFY8,android,0,0
D_WLSNUWLN8D,device,D_WLSNUWLN8D,windows,0,0
D_F3I1OMCZHW,device,D_F3I1OMCZHW,android,0,0
D_GID7Z0C5TG,device,D_GID7Z0C5TG,ios,0,0
D_AXMUD94DBS,device,D_AXMUD94DBS,ios,0,0
D_T6VOMVOP8V,device,D_T6VOMVOP8V,android,0,0
D_B7GB5K4B72,device,D_B7GB5K4B72,android,0,0
D_1ZQQI9OJJJ,device,D_1ZQQI9OJJJ,android,0,0
D_TYTUNYPIZW,device,D_TYTUNYPIZW,android,0,0
D_9BZJ6YXJO6,device,D_9BZJ6YXJO6,ios,0,0
D_2PJTJRKLEO,device,D_2PJTJRKLEO,android,0,0
D_015ZCRZZRW,device,D_015ZCRZZRW,android,0,0
D_HXTHYCYLQN,device,D_HXTHYCYLQN,ios,0,0
D_JER2YOIT5C,device,D_JER2YOIT5C,mac,0,0
D_B5V8T40C15,device,D_B5V8T40C15,ios,0,0
D_2IPPUZD9Q4,device,D_2IPPUZD9Q4,android,0,0
D_JWO3IRICX3,device,D_JWO3IRICX3,mac,0,0
D_LAI8SK8N5I,device,D_LAI8SK8N5I,ios,0,0
D_JBJ24GUB17,device,D_JBJ24GUB17,ios,0,0
D_ODQAX3XGTK,device,D_ODQAX3XGTK,android,0,0
D_CTTALDI3R4,device,D_CTTALDI3R4,ios,0,0
D_96BJZLCXJM,device,D_96BJZLCXJM,android,0,0
D_UMXLTK9ZEJ,device,D_UMXLTK9ZEJ,windows,0,0
D_TYE81U68JO,device,D_TYE81U68JO,android,0,0
D_OT8P31HGUE,device,D_OT8P31HGUE,android,0,0
D_J2QW7M4V5D,device,D_J2QW7M4V5D,android,0,0
D_E3BDZMELT1,device,D_E3BDZMELT1,windows,0,0
D_OHK2RXQ4E3,device,D_OHK2RXQ4E3,android,0,0
D_J6WCCS6F0F,device,D_J6WCCS6F0F,linux,0,0
D_UVRCFQ2VRL,device,D_UVRCFQ2VRL,android,0,0
D_O3WHQ7SLS8,device,D_O3WHQ7SLS8,ios,0,0
D_GUX17SA1M7,device,D_GUX17SA1M7,android,0,0
D_I0Q7QGTOUI,device,D_I0Q7QGTOUI,windows,0,0
D_871O90K7Z5,device,D_871O90K7Z5,ios,0,0
D_6PR8LS614M,device,D_6PR8LS614M,android,0,0
D_5GKF3DSJD6,device,D_5GKF3DSJD6,android,0,0
D_N16ISBB9A3,device,D_N16ISBB9A3,mac,0,0
D_MI8QUNKSQW,device,D_MI8QUNKSQW,android,0,0
D_D2DD8DJAC3,device,D_D2DD8DJAC3,android,0,0
D_6XLR8U6PXO,device,D_6XLR8U6PXO,mac,0,0
D_D7VZEA8QJ0,device,D_D7VZEA8QJ0,mac,0,0
D_3UI8SFQ5EO,device,D_3UI8SFQ5EO,android,0,0
D_4CU8VCZCYY,device,D_4CU8VCZCYY,mac,0,0
D_8R3NICID3H,device,D_8R3NICID3H,ios,0,0
D_X9XVA619NR,device,D_X9XVA619NR,android,0,0
D_2I2JFCHRC0,device,D_2I2JFCHRC0,ios,0,0
D_9O8U5797BU,device,D_9O8U5797BU,android,0,0
D_1BO3QZD93T,device,D_1BO3QZD93T,windows,0,0
D_PO27S0X4HP,device,D_PO27S0X4HP,android,0,0
D_WXGBQD5NXA,device,D_WXGBQD5NXA,android,0,0
D_XDKYSF7FAP,device,D_XDKYSF7FAP,ios,0,0
D_WZ512K5W8V,device,D_WZ512K5W8V,mac,0,0
D_1XT05PMTQK,device,D_1XT05PMTQK,ios,0,0
D_58DL21UTMW,device,D_58DL21UTMW,ios,0,0
D_95HYIEU5HW,device,D_95HYIEU5HW,android,0,0
D_KN3MTF2WJE,device,D_KN3MTF2WJE,android,0,0
D_TXZS8HYS5R,device,D_TXZS8HYS5R,android,0,0
D_HC79QY2VLF,device,D_HC79QY2VLF,ios,0,0
D_X8RYW52HH5,device,D_X8RYW52HH5,android,0,0
D_UD1K4EF3KN,device,D_UD1K4EF3KN,linux,0,0
D_Z734JG2LPQ,device,D_Z734JG2LPQ,mac,0,0
D_BSC3MW8BEA,device,D_BSC3MW8BEA,windows,0,0
D_V0G9B3GP3Q,device,D_V0G9B3GP3Q,android,0,0
D_UEMETI9HDG,device,D_UEMETI9HDG,ios,0,0
D_BE6019TB9P,device,D_BE6019TB9P,android,0,0
D_VTYNXV228W,device,D_VTYNXV228W,android,0,0
D_EDLNK2ZRL8,device,D_EDLNK2ZRL8,ios,0,0
D_Y5VB9YLKM2,device,D_Y5VB9YLKM2,ios,0,0
D_XBHBF0IN5U,device,D_XBHBF0IN5U,android,0,0
D_RN9H5A7HAV,device,D_RN9H5A7HAV,android,0,0
D_SSLTXJPCQS,device,D_SSLTXJPCQS,ios,0,0
D_Q3HUPSICYZ,device,D_Q3HUPSICYZ,ios,0,0
D_N9RHVHFDLX,device,D_N9RHVHFDLX,mac,0,0
D_DBFR05KUUW,device,D_DBFR05KUUW,ios,0,0
D_LFQCIF003W,device,D_LFQCIF003W,android,0,0
D_Z10AGWVLEW,device,D_Z10AGWVLEW,android,0,0
D_LHHOAXHW2V,device,D_LHHOAXHW2V,windows,0,0
D_Z98395IX61,device,D_Z98395IX61,android,0,0
D_2MKCST2K6U,device,D_2MKCST2K6U,ios,0,0
D_YEP872UZB7,device,D_YEP872UZB7,ios,0,0
D_HRZTCJCGX3,device,D_HRZTCJCGX3,android,0,0
D_1HYK0NPI89,device,D_1HYK0NPI89,ios,0,0
D_T3FJLNTAFI,device,D_T3FJLNTAFI,android,0,0
D_BXA174PHQ2,device,D_BXA174PHQ2,android,0,0
D_SAGK64K7RB,device,D_SAGK64K7RB,ios,0,0
D_32RJX6BJKB,device,D_32RJX6BJKB,ios,0,0
D_HQC711UXWQ,device,D_HQC711UXWQ,ios,0,0
D_C1TC51GJ0N,device,D_C1TC51GJ0N,ios,0,0
D_64CN1935WG,device,D_64CN1935WG,windows,0,0
D_BEN7UWMEIP,device,D_BEN7UWMEIP,mac,0,0
D_YIJJ0ULRWC,device,D_YIJJ0ULRWC,ios,0,0
D_4XX8Q21Y39,device,D_4XX8Q21Y39,ios,0,0
D_HDJDOTCWGF,device,D_HDJDOTCWGF,mac,0,0
D_YUEGTHMHUM,device,D_YUEGTHMHUM,android,0,0
D_PN14KH2XJ6,device,D_PN14KH2XJ6,mac,0,0
D_JMXR929CRA,device,D_JMXR929CRA,android,0,0
D_72DYXSWR7I,device,D_72DYXSWR7I,android,0,0
D_3W42MXQ45N,device,D_3W42MXQ45N,mac,0,0
D_QCIM6GECR9,device,D_QCIM6GECR9,android,0,0
D_GSD1U0OEIR,device,D_GSD1U0OEIR,android,0,0
D_UFDAJA7BJ4,device,D_UFDAJA7BJ4,android,0,0
D_6N6E0E4FZB,device,D_6N6E0E4FZB,windows,0,0
D_CIE99SV9CN,device,D_CIE99SV9CN,linux,0,0
D_9F3UXQKWN5,device,D_9F3UXQKWN5,ios,0,0
D_ZP6CA0X4DH,device,D_ZP6CA0X4DH,ios,0,0
D_0V22QCVROP,device,D_0V22QCVROP,ios,0,0
D_H0K6AOKTPZ,device,D_H0K6AOKTPZ,windows,0,0
D_FA2959Z9DB,device,D_FA2959Z9DB,ios,0,0
D_E7JAZ52DUR,device,D_E7JAZ52DUR,ios,0,0
D_8TKCV59T89,device,D_8TKCV59T89,windows,0,0
D_DZ7VX1YWLK,device,D_DZ7VX1YWLK,android,0,0
D_IE7KTXGCTF,device,D_IE7KTXGCTF,windows,0,0
D_YYE3SAD5C2,device,D_YYE3SAD5C2,android,0,0
D_IMJ2XKO7EL,device,D_IMJ2XKO7EL,ios,0,0
D_DKMFBI630A,device,D_DKMFBI630A,ios,0,0
D_CH6VRFEMZT,device,D_CH6VRFEMZT,android,0,0
D_R094XYL89K,device,D_R094XYL89K,ios,0,0
D_SLGGG5EL57,device,D_SLGGG5EL57,android,0,0
D_S539HL54RF,device,D_S539HL54RF,android,0,0
D_6U4SDUEPOY,device,D_6U4SDUEPOY,ios,0,0
D_XZ6WXBY4DU,device,D_XZ6WXBY4DU,android,0,0
D_A110O4LIVF,device,D_A110O4LIVF,windows,0,0
D_HVWYJOXY0V,device,D_HVWYJOXY0V,linux,0,0
D_KWZ3RS3TCA,device,D_KWZ3RS3TCA,android,0,0
D_674MNODV0O,device,D_674MNODV0O,ios,0,0
D_66NJI84RBR,device,D_66NJI84RBR,windows,0,0
D_ARCS0IYYNU,device,D_ARCS0IYYNU,android,0,0
D_CHT9VGOVO1,device,D_CHT9VGOVO1,mac,0,0
D_25X2E8NC9Y,device,D_25X2E8NC9Y,android,0,0
D_H8LHQ7BYZJ,device,D_H8LHQ7BYZJ,android,0,0
D_24DU4XZTCN,device,D_24DU4XZTCN,linux,0,0
D_84IVGDGHCD,device,D_84IVGDGHCD,android,0,0
D_1YN7JS7B2A,device,D_1YN7JS7B2A,ios,1,1
D_XM6EHXZUYX,device,D_XM6EHXZUYX,android,0,0
D_0CF861CK3L,device,D_0CF861CK3L,ios,0,0
D_OCM295W62M,device,D_OCM295W62M,android,0,0
D_NYGB0PYNDW,device,D_NYGB0PYNDW,android,0,0
D_3C273HB6US,device,D_3C273HB6US,ios,0,0
D_S0U61SBHFW,device,D_S0U61SBHFW,windows,0,0
D_7YT14P4DI9,device,D_7YT14P4DI9,android,0,0
D_SHH75O0C58,device,D_SHH75O0C58,ios,0,0
D_WCC5PMS53Z,device,D_WCC5PMS53Z,ios,0,0
D_TSHG8BHAU4,device,D_TSHG8BHAU4,windows,0,0
D_2H7Y6RO7DE,device,D_2H7Y6RO7DE,android,0,0
D_I6AGOVHZBY,device,D_I6AGOVHZBY,windows,0,0
D_Q9H7U8CS3U,device,D_Q9H7U8CS3U,ios,0,0
D_C3NE21FB0N,device,D_C3NE21FB0N,ios,0,0
D_VD8DLNEJKU,device,D_VD8DLNEJKU,android,0,0
D_TRBLS9ADBA,device,D_TRBLS9ADBA,android,0,0
D_V6E9AQKCTY,device,D_V6E9AQKCTY,ios,0,0
D_CLXMDWWJ6U,device,D_CLXMDWWJ6U,mac,0,0
D_3RN9HR6E6L,device,D_3RN9HR6E6L,ios,0,0
D_1D2QIBKI8M,device,D_1D2QIBKI8M,windows,0,0
D_EJEIIQHWOK,device,D_EJEIIQHWOK,android,0,0
D_9E5S29LCIZ,device,D_9E5S29LCIZ,ios,0,0
D_1G2RIDA8HH,device,D_1G2RIDA8HH,android,0,0
D_0T5IY394U6,device,D_0T5IY394U6,mac,0,0
D_PFXDW9A5SY,device,D_PFXDW9A5SY,android,0,0
D_QL8R35WKNX,device,D_QL8R35WKNX,android,0,0
D_NXBC53W9TN,device,D_NXBC53W9TN,android,0,0
D_UZLYFFNXBL,device,D_UZLYFFNXBL,android,0,0
D_J9T0B3JGZ7,device,D_J9T0B3JGZ7,mac,0,0
D_NCWRGA07B3,device,D_NCWRGA07B3,android,0,0
D_BMKN9B1QTG,device,D_BMKN9B1QTG,android,0,0
D_NHUOD1394P,device,D_NHUOD1394P,ios,0,0
D_ZBAR52WSR0,device,D_ZBAR52WSR0,windows,0,0
D_6VWLQRV7EN,device,D_6VWLQRV7EN,ios,0,0
D_C8VNTHINIT,device,D_C8VNTHINIT,android,0,0
D_XUH5RWU84R,device,D_XUH5RWU84R,ios,0,0
D_CCK11GKZH0,device,D_CCK11GKZH0,android,0,0
D_2Z38VF4ICY,device,D_2Z38VF4ICY,android,0,0
D_3S24WJVJP7,device,D_3S24WJVJP7,android,0,0
D_KLHXARGDMU,device,D_KLHXARGDMU,mac,0,0
D_1ANNAFI835,device,D_1ANNAFI835,ios,0,0
D_JVSDUR9VTB,device,D_JVSDUR9VTB,ios,0,0
D_YSXV9YZW1G,device,D_YSXV9YZW1G,linux,0,0
D_BOGCUYD1CE,device,D_BOGCUYD1CE,ios,0,0
D_CZW3YNDZ4V,device,D_CZW3YNDZ4V,android,0,0
D_GYUYCDMKX2,device,D_GYUYCDMKX2,mac,0,0
D_HYJRAM9X5S,device,D_HYJRAM9X5S,mac,0,0
D_MOLP7KP5JL,device,D_MOLP7KP5JL,android,0,0
D_KEAD2GUY2Z,device,D_KEAD2GUY2Z,android,0,0
D_1DGMQC7F84,device,D_1DGMQC7F84,android,0,0
D_06BG352WEI,device,D_06BG352WEI,ios,0,0
D_IMEO5UA5ER,device,D_IMEO5UA5ER,ios,0,0
D_5Q42PKDPK5,device,D_5Q42PKDPK5,windows,0,0
D_BVS8703MZS,device,D_BVS8703MZS,ios,0,0
D_B4YINGW4GO,device,D_B4YINGW4GO,android,0,0
D_GTHC3VNQP9,device,D_GTHC3VNQP9,android,0,0
D_5TR8PONCEW,device,D_5TR8PONCEW,ios,0,0
D_HC0D1O5UZG,device,D_HC0D1O5UZG,ios,0,0
D_YLFB2PV3XW,device,D_YLFB2PV3XW,android,0,0
D_9EIHUTAVS9,device,D_9EIHUTAVS9,android,0,0
D_W9A74K1Y5U,device,D_W9A74K1Y5U,android,0,0
D_UR7IOQZJOZ,device,D_UR7IOQZJOZ,ios,0,0
D_QU7Q9W51DS,device,D_QU7Q9W51DS,ios,1,1
D_G929UBQZH2,device,D_G929UBQZH2,ios,0,0
D_IIAU7WMG4P,device,D_IIAU7WMG4P,ios,0,0
D_3K1TSBDPXC,device,D_3K1TSBDPXC,ios,0,0
D_82SLZISBG5,device,D_82SLZISBG5,android,0,0
D_CMB9GC9A5R,device,D_CMB9GC9A5R,ios,0,0
D_2JMABTD279,device,D_2JMABTD279,ios,0,0
D_T57L9JAQ84,device,D_T57L9JAQ84,ios,0,0
D_65W2LWBDL3,device,D_65W2LWBDL3,android,0,0
D_U1R3M8U5JI,device,D_U1R3M8U5JI,android,0,0
D_6NOYNKXTRL,device,D_6NOYNKXTRL,android,0,0
D_0JIY43334I,device,D_0JIY43334I,android,0,0
D_2LWIXOZ836,device,D_2LWIXOZ836,android,0,0
D_GF7QS5F44A,device,D_GF7QS5F44A,ios,0,0
D_7549MTBW8L,device,D_7549MTBW8L,windows,0,0
D_S3GACAG10D,device,D_S3GACAG10D,android,0,0
D_HHH4MPM60Z,device,D_HHH4MPM60Z,android,0,0
D_2I6IVS2NV5,device,D_2I6IVS2NV5,android,0,0
D_IOZL7S591Y,device,D_IOZL7S591Y,ios,0,0
D_47UC3T4X2D,device,D_47UC3T4X2D,ios,0,0
D_WWCTC1SRNK,device,D_WWCTC1SRNK,mac,0,0
D_3MXT6EKIF5,device,D_3MXT6EKIF5,android,0,0
D_X9YZWTRYKX,device,D_X9YZWTRYKX,ios,0,0
D_EN23QD92TF,device,D_EN23QD92TF,windows,0,0
D_JCBBR6LABG,device,D_JCBBR6LABG,ios,0,0
D_HU9QA3BRVB,device,D_HU9QA3BRVB,ios,0,0
D_1HE4N78KFA,device,D_1HE4N78KFA,ios,0,0
D_MYDQY7DMEZ,device,D_MYDQY7DMEZ,android,0,0
D_KLSR36I4M6,device,D_KLSR36I4M6,ios,0,0
D_WSR6XCEXHG,device,D_WSR6XCEXHG,android,0,0
D_02QXQZBIL0,device,D_02QXQZBIL0,ios,0,0
D_SWCYY3RWQ8,device,D_SWCYY3RWQ8,android,0,0
D_FKPA4E7IAJ,device,D_FKPA4E7IAJ,ios,0,0
D_Y8AKFFL33Y,device,D_Y8AKFFL33Y,ios,0,0
D_ZR3KT0TH19,device,D_ZR3KT0TH19,windows,0,0
D_KHQLKJ6GYF,device,D_KHQLKJ6GYF,android,0,0
D_U2HC3SM2XX,device,D_U2HC3SM2XX,android,0,0
D_X09UG4HR93,device,D_X09UG4HR93,ios,0,0
D_J4IK9HKKH3,device,D_J4IK9HKKH3,android,0,0
D_9VWDL8IP0C,device,D_9VWDL8IP0C,ios,0,0
D_Q6DFW2V2AN,device,D_Q6DFW2V2AN,android,0,0
D_N35ZLQTL1K,device,D_N35ZLQTL1K,android,0,0
D_8OJTB7F34X,device,D_8OJTB7F34X,ios,0,0
D_MOKOZNXJ1T,device,D_MOKOZNXJ1T,ios,0,0
D_P4RNUUAA3K,device,D_P4RNUUAA3K,android,0,0
D_JJ2WWW3FYJ,device,D_JJ2WWW3FYJ,ios,0,0
D_WBZAOOSN3P,device,D_WBZAOOSN3P,windows,0,0
D_2PBTU2T2FI,device,D_2PBTU2T2FI,ios,0,0
D_WPGHX7YEJF,device,D_WPGHX7YEJF,android,0,0
D_H6NBMBKCN0,device,D_H6NBMBKCN0,ios,0,0
D_9BTU7RILU2,device,D_9BTU7RILU2,ios,0,0
D_KOU072JT8U,device,D_KOU072JT8U,ios,0,0
D_D5UOOAHGDG,device,D_D5UOOAHGDG,ios,0,0
D_E1HQR20WT2,device,D_E1HQR20WT2,ios,0,0
D_F7W90V86GW,device,D_F7W90V86GW,android,0,0
D_2SGP4OYL7I,device,D_2SGP4OYL7I,android,0,0
D_5LHS1J5GYZ,device,D_5LHS1J5GYZ,ios,0,0
D_QESB5MULHK,device,D_QESB5MULHK,ios,0,0
D_FGZV6C5BQG,device,D_FGZV6C5BQG,ios,0,0
D_CJQLMOM3IO,device,D_CJQLMOM3IO,android,0,0
D_6XSWSGENIY,device,D_6XSWSGENIY,android,0,0
D_3FSSR5KXDR,device,D_3FSSR5KXDR,mac,0,0
D_OQZ3075D0Y,device,D_OQZ3075D0Y,ios,0,0
D_ILLOY2I0ZK,device,D_ILLOY2I0ZK,ios,0,0
D_ZUU3R0PY33,device,D_ZUU3R0PY33,ios,0,0
D_DNH9XNGDUF,device,D_DNH9XNGDUF,ios,0,0
D_8NNX1NU9CS,device,D_8NNX1NU9CS,mac,0,0
D_WZQ2AB4V3D,device,D_WZQ2AB4V3D,android,0,0
D_BYJ9RP2AF9,device,D_BYJ9RP2AF9,android,0,0
D_39S4BPGNOU,device,D_39S4BPGNOU,ios,0,0
D_VA2UTF1ASK,device,D_VA2UTF1ASK,windows,0,0
D_CY0B5XH7G7,device,D_CY0B5XH7G7,android,0,0
D_V0IKP9FA1B,device,D_V0IKP9FA1B,android,0,0
D_JEM8FJRQ8P,device,D_JEM8FJRQ8P,windows,0,0
D_4H1V7MB5RY,device,D_4H1V7MB5RY,mac,0,0
D_23F2TCTD7F,device,D_23F2TCTD7F,ios,0,0
D_W33G8U03EZ,device,D_W33G8U03EZ,ios,0,0
D_2FAXQOSEO4,device,D_2FAXQOSEO4,ios,0,0
D_J1NXS0KCW8,device,D_J1NXS0KCW8,android,0,0
D_Q6JU7U9D56,device,D_Q6JU7U9D56,ios,0,0
D_TSYI5DARIB,device,D_TSYI5DARIB,windows,0,0
D_ELNAQHX4LL,device,D_ELNAQHX4LL,android,0,0
D_6ZSGJDRVM3,device,D_6ZSGJDRVM3,windows,0,0
D_ET55M37BZ4,device,D_ET55M37BZ4,android,0,0
D_J1ZO776VX6,device,D_J1ZO776VX6,android,0,0
D_0RACRRBOR2,device,D_0RACRRBOR2,android,0,0
D_DQR9FM6DBU,device,D_DQR9FM6DBU,mac,0,0
D_57NPNJ21ID,device,D_57NPNJ21ID,android,0,0
D_NMQP6FBDPA,device,D_NMQP6FBDPA,android,0,0
D_9N8V55DF3S,device,D_9N8V55DF3S,android,0,0
D_ZJOBJE3NV0,device,D_ZJOBJE3NV0,mac,0,0
D_K1DRE6I8E9,device,D_K1DRE6I8E9,ios,0,0
D_K7FW0A0YMH,device,D_K7FW0A0YMH,windows,0,0
D_4MXC0LHZK4,device,D_4MXC0LHZK4,android,0,0
D_XKY9EQMBEU,device,D_XKY9EQMBEU,android,0,0
D_E9JQADK613,device,D_E9JQADK613,mac,0,0
D_328AAV0M6J,device,D_328AAV0M6J,android,0,0
D_UQG2441E42,device,D_UQG2441E42,android,0,0
D_LC0B406C7W,device,D_LC0B406C7W,ios,0,0
D_PPAFJ24NSO,device,D_PPAFJ24NSO,ios,0,0
D_KAF2D029Y6,device,D_KAF2D029Y6,android,0,0
D_U1GPZNFM2E,device,D_U1GPZNFM2E,ios,0,0
D_O9Z28IKDO5,device,D_O9Z28IKDO5,android,0,0
D_7XSULHNELX,device,D_7XSULHNELX,ios,0,0
D_YB9NDZ2E21,device,D_YB9NDZ2E21,ios,0,0
D_5MX4PM4O9S,device,D_5MX4PM4O9S,android,0,0
D_XUHF228N9A,device,D_XUHF228N9A,ios,0,0
D_EWEORI7KNR,device,D_EWEORI7KNR,android,0,0
D_7C8P8FBTCD,device,D_7C8P8FBTCD,ios,0,0
D_EDE6JL5ES2,device,D_EDE6JL5ES2,ios,0,0
D_E8B4IIVW4B,device,D_E8B4IIVW4B,ios,0,0
D_GXROCH6IDQ,device,D_GXROCH6IDQ,ios,0,0
D_1J0DI3NB8N,device,D_1J0DI3NB8N,android,0,0
D_RZECC6RH9L,device,D_RZECC6RH9L,ios,0,0
D_PIIQF0L6GX,device,D_PIIQF0L6GX,android,0,0
D_PMA5CLABA0,device,D_PMA5CLABA0,ios,0,0
D_OF2AQFG0E0,device,D_OF2AQFG0E0,ios,0,0
D_9AWWEQJXRZ,device,D_9AWWEQJXRZ,android,0,0
D_INJ46V3UJA,device,D_INJ46V3UJA,android,0,0
D_U3QWXPT9M7,device,D_U3QWXPT9M7,android,0,0
D_A5KJBAJGFM,device,D_A5KJBAJGFM,ios,0,0
D_NIL5JL4FWN,device,D_NIL5JL4FWN,android,0,0
D_IPPKFHJYR1,device,D_IPPKFHJYR1,android,0,0
D_UE1YD0KHVX,device,D_UE1YD0KHVX,android,0,0
D_324KH38HSL,device,D_324KH38HSL,ios,0,0
D_1FGDPQJ9UA,device,D_1FGDPQJ9UA,android,0,0
D_W89OA2XC02,device,D_W89OA2XC02,linux,0,0
D_QNILEHDC3P,device,D_QNILEHDC3P,android,0,0
D_XUU53042DN,device,D_XUU53042DN,android,0,0
D_MEPV0QR15S,device,D_MEPV0QR15S,ios,0,0
D_JFCCQNYVHP,device,D_JFCCQNYVHP,android,0,0
D_K8RNF5NCC3,device,D_K8RNF5NCC3,ios,0,0
D_ECBA3GHMDV,device,D_ECBA3GHMDV,ios,0,0
D_47IQRPICQ5,device,D_47IQRPICQ5,android,0,0
D_YOHSTUEMK1,device,D_YOHSTUEMK1,ios,0,0
D_TBG3CI90YI,device,D_TBG3CI90YI,mac,0,0
D_PNRQG74DR4,device,D_PNRQG74DR4,ios,0,0
D_60SZTW6R9R,device,D_60SZTW6R9R,android,0,0
D_UC97G41X6U,device,D_UC97G41X6U,ios,0,0
D_9YZ3I3E3X1,device,D_9YZ3I3E3X1,android,0,0
D_B2QJ9W9V5W,device,D_B2QJ9W9V5W,mac,0,0
D_KB8X2C051S,device,D_KB8X2C051S,ios,0,0
D_RHX6NEI7LN,device,D_RHX6NEI7LN,windows,0,0
D_5KW77EOBT3,device,D_5KW77EOBT3,android,0,0
D_981ZBW3YD5,device,D_981ZBW3YD5,android,0,0
D_7FFTC33ESD,device,D_7FFTC33ESD,ios,0,0
D_TEWVRYQOUK,device,D_TEWVRYQOUK,android,0,0
D_51STOLHREJ,device,D_51STOLHREJ,ios,0,0
D_DYS9ULNIZN,device,D_DYS9ULNIZN,linux,0,0
D_078IKJSWYI,device,D_078IKJSWYI,android,0,0
D_H2T5JDORK8,device,D_H2T5JDORK8,android,0,0
D_2PPBQPQJE0,device,D_2PPBQPQJE0,mac,0,0
D_3GRFJVCUN3,device,D_3GRFJVCUN3,ios,0,0
D_9S5I43K2Q8,device,D_9S5I43K2Q8,linux,0,0
D_RVYYKBU4E4,device,D_RVYYKBU4E4,android,0,0
D_41MJDQ55P0,device,D_41MJDQ55P0,ios,0,0
D_015EL5CVRC,device,D_015EL5CVRC,android,0,0
D_AJGJV9UPTL,device,D_AJGJV9UPTL,android,0,0
D_Z1DMNEMIZH,device,D_Z1DMNEMIZH,android,0,0
D_7DUCK8JR3O,device,D_7DUCK8JR3O,android,0,0
D_SVFBL3XG6F,device,D_SVFBL3XG6F,ios,0,0
D_BSIH8H1YGX,device,D_BSIH8H1YGX,ios,0,0
D_07M9XO1U8S,device,D_07M9XO1U8S,mac,0,0
D_H4NO2FGM20,device,D_H4NO2FGM20,ios,0,0
D_7ZJS0Q25YW,device,D_7ZJS0Q25YW,linux,0,0
D_TK8EDBW72L,device,D_TK8EDBW72L,ios,0,0
D_8WN103FRBW,device,D_8WN103FRBW,android,0,0
D_0995ABZ76N,device,D_0995ABZ76N,ios,0,0
D_Q0RUXETVFF,device,D_Q0RUXETVFF,mac,0,0
D_RFFLRUGY3R,device,D_RFFLRUGY3R,ios,0,0
D_WRB8KBPTRB,device,D_WRB8KBPTRB,android,0,0
D_2IL056E8LG,device,D_2IL056E8LG,windows,0,0
D_K8D98QYY6V,device,D_K8D98QYY6V,android,0,0
D_Z3P3LZGATD,device,D_Z3P3LZGATD,windows,0,0
D_DWE21ENEMW,device,D_DWE21ENEMW,mac,0,0
D_EHB9FCFHKB,device,D_EHB9FCFHKB,mac,0,0
D_XCWB3YJSHA,device,D_XCWB3YJSHA,android,0,0
D_LQ5CC8I7HT,device,D_LQ5CC8I7HT,android,0,0
D_DU651T3SGA,device,D_DU651T3SGA,android,0,0
D_6T9P1JHLPX,device,D_6T9P1JHLPX,ios,0,0
D_5RZ070LN6T,device,D_5RZ070LN6T,android,0,0
D_FJNTH735W6,device,D_FJNTH735W6,ios,0,0
D_X7UIJY2Q9Y,device,D_X7UIJY2Q9Y,windows,0,0
D_VAM8IGHZ88,device,D_VAM8IGHZ88,android,0,0
D_2PYVK3TK86,device,D_2PYVK3TK86,linux,0,0
D_VDAG0IYVAM,device,D_VDAG0IYVAM,ios,0,0
D_0ECIG0GJVE,device,D_0ECIG0GJVE,android,0,0
D_870GWDS779,device,D_870GWDS779,android,0,0
D_PIWO4OCD44,device,D_PIWO4OCD44,mac,0,0
D_OFC7R77KWK,device,D_OFC7R77KWK,ios,0,0
D_QQ8W8ZUYLF,device,D_QQ8W8ZUYLF,ios,0,0
D_ZTI8HZPE2Y,device,D_ZTI8HZPE2Y,android,0,0
D_70HQTN7F4G,device,D_70HQTN7F4G,android,0,0
D_IFOLK91X0C,device,D_IFOLK91X0C,ios,0,0
D_IEI4AGDMES,device,D_IEI4AGDMES,linux,0,0
D_995WVB52IO,device,D_995WVB52IO,ios,0,0
D_PRBTOUXGN0,device,D_PRBTOUXGN0,android,0,0
D_ESSDLA8DMI,device,D_ESSDLA8DMI,ios,0,0
D_GI191DYCX4,device,D_GI191DYCX4,ios,0,0
D_XMGASJNWKB,device,D_XMGASJNWKB,linux,0,0
D_P9AN2ZGHLY,device,D_P9AN2ZGHLY,android,0,0
D_A04B2CXN8U,device,D_A04B2CXN8U,windows,0,0
D_73L9CMCJWQ,device,D_73L9CMCJWQ,windows,0,0
D_6VXN9HSF97,device,D_6VXN9HSF97,windows,0,0
D_K7GTGZ33G6,device,D_K7GTGZ33G6,android,0,0
D_ULP6WZDY2J,device,D_ULP6WZDY2J,mac,0,0
D_U8B5BE4IUN,device,D_U8B5BE4IUN,android,0,0
D_E6W6DKGGV7,device,D_E6W6DKGGV7,android,0,0
D_RGBO39GNXF,device,D_RGBO39GNXF,ios,0,0
D_K94W7U8BUE,device,D_K94W7U8BUE,android,0,0
D_0OW5M3AWOJ,device,D_0OW5M3AWOJ,linux,0,0
D_DQI8MRNT7B,device,D_DQI8MRNT7B,android,0,0
D_0B8QM5WAK2,device,D_0B8QM5WAK2,windows,0,0
D_WINN447FM1,device,D_WINN447FM1,ios,0,0
D_SB19NCRS5U,device,D_SB19NCRS5U,mac,0,0
D_NG5A59P2UE,device,D_NG5A59P2UE,ios,0,0
D_OQLOUQ956H,device,D_OQLOUQ956H,mac,0,0
D_PBFEXGXXHQ,device,D_PBFEXGXXHQ,mac,0,0
D_BQLPF5GR8G,device,D_BQLPF5GR8G,ios,0,0
D_PRQ12SQP1V,device,D_PRQ12SQP1V,android,0,0
D_0IB3840RZL,device,D_0IB3840RZL,android,0,0
D_NSO0NEQGZC,device,D_NSO0NEQGZC,android,0,0
D_TCS8PE88MZ,device,D_TCS8PE88MZ,ios,0,0
D_4SS9600Y24,device,D_4SS9600Y24,windows,0,0
D_M0WDGC5AM9,device,D_M0WDGC5AM9,android,0,0
D_8C36300N8L,device,D_8C36300N8L,ios,0,0
D_812CPLBJ2G,device,D_812CPLBJ2G,ios,0,0
D_FALQKXW357,device,D_FALQKXW357,android,0,0
D_OP8NRPTJ66,device,D_OP8NRPTJ66,ios,0,0
D_JH1ZK2QEIM,device,D_JH1ZK2QEIM,android,0,0
D_J681IV4ETU,device,D_J681IV4ETU,android,0,0
D_MOR7I6TVES,device,D_MOR7I6TVES,ios,0,0
D_2RI2B62GWY,device,D_2RI2B62GWY,android,0,0
D_TX86JRNDJW,device,D_TX86JRNDJW,android,0,0
D_5BFVFUIP63,device,D_5BFVFUIP63,mac,0,0
D_K23N0GIY4X,device,D_K23N0GIY4X,android,0,0
D_QGNE4RBKZV,device,D_QGNE4RBKZV,linux,0,0
D_VVEDY2MEGI,device,D_VVEDY2MEGI,ios,0,0
D_9URIDBIS38,device,D_9URIDBIS38,android,0,0
D_0FCAU0TTRM,device,D_0FCAU0TTRM,ios,0,0
D_56B0HX81QL,device,D_56B0HX81QL,android,0,0
D_D56PX9Q26T,device,D_D56PX9Q26T,android,0,0
D_PBPPPWJQL7,device,D_PBPPPWJQL7,windows,0,0
D_7JWATFJOVD,device,D_7JWATFJOVD,linux,0,0
D_MMIT7KLE8U,device,D_MMIT7KLE8U,linux,0,0
D_0DX7JDUJY2,device,D_0DX7JDUJY2,ios,0,0
D_3QIGTQL7B2,device,D_3QIGTQL7B2,ios,0,0
D_BPWT9KEXWN,device,D_BPWT9KEXWN,ios,0,0
D_BPLBYBPRYQ,device,D_BPLBYBPRYQ,ios,0,0
D_NNA9JLJMQD,device,D_NNA9JLJMQD,ios,0,0
D_HE84VCFT00,device,D_HE84VCFT00,android,0,0
D_4NWLRSLQB8,device,D_4NWLRSLQB8,windows,0,0
D_TDXREGXX2D,device,D_TDXREGXX2D,android,0,0
D_SXX8GRCRVN,device,D_SXX8GRCRVN,windows,0,0
D_0DNGSXC3CQ,device,D_0DNGSXC3CQ,mac,0,0
D_Y125D0ETYA,device,D_Y125D0ETYA,android,0,0
D_BWOKHEP9MB,device,D_BWOKHEP9MB,windows,0,0
D_590Q0RY3K5,device,D_590Q0RY3K5,ios,0,0
D_85Q1PX6HXL,device,D_85Q1PX6HXL,android,0,0
D_X0FQ68J9Z1,device,D_X0FQ68J9Z1,android,0,0
D_H68IM4GRU7,device,D_H68IM4GRU7,ios,0,0
D_J7MKPYYNP5,device,D_J7MKPYYNP5,android,0,0
D_HPMFHMGAWO,device,D_HPMFHMGAWO,android,0,0
D_QI32GS2DCN,device,D_QI32GS2DCN,windows,0,0
D_8DMKJ5QYIH,device,D_8DMKJ5QYIH,windows,0,0
D_RGLFLITCLX,device,D_RGLFLITCLX,android,0,0
D_LXT9GXG68E,device,D_LXT9GXG68E,android,0,0
D_BQO7BBQD2E,device,D_BQO7BBQD2E,ios,0,0
D_Y7AVKHAF8U,device,D_Y7AVKHAF8U,android,0,0
D_FEX5V0JLNG,device,D_FEX5V0JLNG,ios,0,0
D_OVJQHI2T4F,device,D_OVJQHI2T4F,ios,0,0
D_H9EA1S09JD,device,D_H9EA1S09JD,ios,0,0
D_54C2ZKK1HE,device,D_54C2ZKK1HE,android,0,0
D_SVT7RIJGBU,device,D_SVT7RIJGBU,android,0,0
D_L5D0LORXHY,device,D_L5D0LORXHY,ios,0,0
D_DUZYR9FWJI,device,D_DUZYR9FWJI,ios,0,0
D_9QQGVO3WSN,device,D_9QQGVO3WSN,android,0,0
D_SA65SZNPXU,device,D_SA65SZNPXU,android,0,0
D_CV6DZQGUFJ,device,D_CV6DZQGUFJ,android,0,0
D_H9GXAQPKZW,device,D_H9GXAQPKZW,ios,0,0
D_5WPOGZTJVW,device,D_5WPOGZTJVW,ios,0,0
D_XUB4DS1EO5,device,D_XUB4DS1EO5,ios,0,0
D_J1HI5LVGR1,device,D_J1HI5LVGR1,android,0,0
D_DVB37GMX91,device,D_DVB37GMX91,android,0,0
D_QSVC5R441C,device,D_QSVC5R441C,android,0,0
D_AZO4PY199E,device,D_AZO4PY199E,android,0,0
D_74Q4V8F4W2,device,D_74Q4V8F4W2,android,0,0
D_CPXBQNT4MY,device,D_CPXBQNT4MY,android,0,0
D_LOFV6CD9T1,device,D_LOFV6CD9T1,ios,0,0
D_G3FH6IVDV5,device,D_G3FH6IVDV5,ios,0,0
D_SYRQL8UX5I,device,D_SYRQL8UX5I,windows,0,0
D_UY97II6ZGM,device,D_UY97II6ZGM,android,0,0
D_GWDC6CY9Q5,device,D_GWDC6CY9Q5,ios,0,0
D_YHRZZY50AS,device,D_YHRZZY50AS,android,0,0
D_R42C7RSWYX,device,D_R42C7RSWYX,ios,0,0
D_ZVC5958W6G,device,D_ZVC5958W6G,android,0,0
D_VGE1DLBCQA,device,D_VGE1DLBCQA,linux,0,0
D_O0VBXQD6TT,device,D_O0VBXQD6TT,ios,0,0
D_426XC590NB,device,D_426XC590NB,ios,0,0
D_L9L1DQLSKV,device,D_L9L1DQLSKV,android,0,0
D_1VQ6H0SGS3,device,D_1VQ6H0SGS3,android,0,0
D_5SQN1XA9R0,device,D_5SQN1XA9R0,ios,0,0
D_UAPRJ27931,device,D_UAPRJ27931,android,0,0
D_ODC81HWJON,device,D_ODC81HWJON,ios,0,0
D_YM8485RLY5,device,D_YM8485RLY5,ios,0,0
D_SRR4G3JMKR,device,D_SRR4G3JMKR,android,0,0
D_3IYV9LYGOM,device,D_3IYV9LYGOM,android,0,0
D_IJ6RY7XU1C,device,D_IJ6RY7XU1C,android,0,0
D_3CDHCV2APL,device,D_3CDHCV2APL,ios,0,0
D_Z6CPC6EGER,device,D_Z6CPC6EGER,android,0,0
D_7YUOE8NIS0,device,D_7YUOE8NIS0,android,0,0
D_MB07E0I39R,device,D_MB07E0I39R,android,0,0
D_LUC01G40IR,device,D_LUC01G40IR,android,0,0
D_0GAB2CXPK0,device,D_0GAB2CXPK0,windows,0,0
D_5YA4Y34YYF,device,D_5YA4Y34YYF,android,0,0
D_GQ4IEGCDRZ,device,D_GQ4IEGCDRZ,android,0,0
D_JTSJWLASRM,device,D_JTSJWLASRM,windows,0,0
D_JANJPJ1EQM,device,D_JANJPJ1EQM,windows,0,0
D_AX3A42NBNP,device,D_AX3A42NBNP,ios,0,0
D_6WECBCNT6G,device,D_6WECBCNT6G,android,0,0
D_1XNK44SPQN,device,D_1XNK44SPQN,ios,0,0
D_4D7WU6S60I,device,D_4D7WU6S60I,ios,0,0
D_2NT5NHEGJ4,device,D_2NT5NHEGJ4,windows,0,0
D_9KQFCQ70QI,device,D_9KQFCQ70QI,mac,0,0
D_KPZKS7451Y,device,D_KPZKS7451Y,ios,0,0
D_UZKOTO721C,device,D_UZKOTO721C,ios,0,0
D_197JQY8MVS,device,D_197JQY8MVS,android,0,0
D_9AFZK27KHR,device,D_9AFZK27KHR,ios,0,0
D_Z1GPBWSHFN,device,D_Z1GPBWSHFN,android,0,0
D_JN01HIEFJ7,device,D_JN01HIEFJ7,android,0,0
D_511X0LPCJ0,device,D_511X0LPCJ0,android,0,0
D_HQ92LFVO6W,device,D_HQ92LFVO6W,ios,0,0
D_RXYL84Q34B,device,D_RXYL84Q34B,windows,0,0
D_2NCNVH12ES,device,D_2NCNVH12ES,ios,0,0
D_17WLJ5JGVQ,device,D_17WLJ5JGVQ,ios,0,0
D_P0RLOUZB7M,device,D_P0RLOUZB7M,android,0,0
D_204RRNQRSQ,device,D_204RRNQRSQ,ios,0,0
D_ZFVCZ72B5T,device,D_ZFVCZ72B5T,android,0,0
D_N1RK22IQFR,device,D_N1RK22IQFR,ios,0,0
D_Z5M4IY68GD,device,D_Z5M4IY68GD,linux,0,0
D_U9V6QT21NI,device,D_U9V6QT21NI,ios,0,0
D_7QY4N529E3,device,D_7QY4N529E3,android,0,0
D_VCVJF3QTCQ,device,D_VCVJF3QTCQ,android,0,0
D_2RZ5ZGTIDS,device,D_2RZ5ZGTIDS,mac,0,0
D_SJ2W6BZW9H,device,D_SJ2W6BZW9H,android,0,0
D_5PLPR3F6ME,device,D_5PLPR3F6ME,ios,0,0
D_FVQCOCCDT7,device,D_FVQCOCCDT7,android,0,0
D_HKSFH3OH8D,device,D_HKSFH3OH8D,android,0,0
D_UJ4WH6KR3N,device,D_UJ4WH6KR3N,android,0,0
D_Z9KPEPJLO3,device,D_Z9KPEPJLO3,android,0,0
D_CPFSO7TYIZ,device,D_CPFSO7TYIZ,android,0,0
D_J0XGRWD02P,device,D_J0XGRWD02P,android,0,0
D_AY5XG1MQRB,device,D_AY5XG1MQRB,android,0,0
D_P7T7X3TYYW,device,D_P7T7X3TYYW,linux,0,0
D_DCZEICGYG9,device,D_DCZEICGYG9,mac,0,0
D_6WMJDPJT5O,device,D_6WMJDPJT5O,android,0,0
D_7NHYYOQSFH,device,D_7NHYYOQSFH,mac,0,0
D_E1ADEEK6RW,device,D_E1ADEEK6RW,android,0,0
D_3YCVPR3SOE,device,D_3YCVPR3SOE,android,0,0
D_IEWU92QO4V,device,D_IEWU92QO4V,ios,0,0
D_ZHNHVJEG2S,device,D_ZHNHVJEG2S,mac,0,0
D_1BLOXW8N1D,device,D_1BLOXW8N1D,android,0,0
D_HCCENJ23WX,device,D_HCCENJ23WX,android,0,0
D_2KWJ1Q6JQI,device,D_2KWJ1Q6JQI,windows,0,0
D_EE2DGDXEDV,device,D_EE2DGDXEDV,android,0,0
D_SW08VYVTE9,device,D_SW08VYVTE9,ios,0,0
D_IGX592REZZ,device,D_IGX592REZZ,ios,0,0
D_2FDACUXHKJ,device,D_2FDACUXHKJ,ios,0,0
D_6Y85O1Q3F6,device,D_6Y85O1Q3F6,ios,0,0
D_L6B7NQC7TT,device,D_L6B7NQC7TT,ios,0,0
D_95C1AI0WJ3,device,D_95C1AI0WJ3,ios,0,0
D_FL8WYW5GSF,device,D_FL8WYW5GSF,android,0,0
D_QVOI9WUAVT,device,D_QVOI9WUAVT,ios,0,0
D_EXK30GFZS8,device,D_EXK30GFZS8,ios,0,0
D_3DUJDY80QA,device,D_3DUJDY80QA,android,0,0
D_FKFMZKJZ4P,device,D_FKFMZKJZ4P,android,0,0
D_X5JLFR38MI,device,D_X5JLFR38MI,android,0,0
D_3HKFIC4JRS,device,D_3HKFIC4JRS,ios,0,0
D_9A0KAH6UKV,device,D_9A0KAH6UKV,windows,0,0
D_7T7U792MSQ,device,D_7T7U792MSQ,mac,0,0
D_J1410AY5TD,device,D_J1410AY5TD,android,0,0
D_RWYUBXFHS1,device,D_RWYUBXFHS1,mac,0,0
D_B3EVX2OR6I,device,D_B3EVX2OR6I,android,0,0
D_1Z13UB61ZS,device,D_1Z13UB61ZS,ios,0,0
D_4ES9Y4BYM0,device,D_4ES9Y4BYM0,ios,0,0
D_X4EOYSS96T,device,D_X4EOYSS96T,ios,0,0
D_AMNON1IWZY,device,D_AMNON1IWZY,android,0,0
D_01H0L5OXKH,device,D_01H0L5OXKH,ios,0,0
D_K9DL90VNRO,device,D_K9DL90VNRO,android,0,0
D_PEORFZ88UX,device,D_PEORFZ88UX,android,0,0
D_I2E1JX398L,device,D_I2E1JX398L,ios,0,0
D_Y5W3RQ6DG3,device,D_Y5W3RQ6DG3,ios,0,0
D_VMG5VS7IVS,device,D_VMG5VS7IVS,ios,0,0
D_MMNVFH3NPB,device,D_MMNVFH3NPB,android,0,0
D_D1K3K9WF2B,device,D_D1K3K9WF2B,windows,0,0
D_2K0RUXIPXV,device,D_2K0RUXIPXV,android,0,0
D_GSGTTIVKSJ,device,D_GSGTTIVKSJ,ios,0,0
D_6LVPXKQ9DT,device,D_6LVPXKQ9DT,ios,0,0
D_14NT4LH9JY,device,D_14NT4LH9JY,mac,0,0
D_06IWPE6HLP,device,D_06IWPE6HLP,ios,0,0
D_TJHY3CCZ90,device,D_TJHY3CCZ90,ios,0,0
D_UAG5SFHTT0,device,D_UAG5SFHTT0,android,0,0
D_RBKPAFV6T4,device,D_RBKPAFV6T4,ios,0,0
D_RRYV960JRV,device,D_RRYV960JRV,mac,0,0
D_3Q1IN0BX89,device,D_3Q1IN0BX89,android,0,0
D_DMP79AWAWD,device,D_DMP79AWAWD,linux,0,0
D_KL620VEKPY,device,D_KL620VEKPY,android,0,0
D_R9VNIDRBUE,device,D_R9VNIDRBUE,android,0,0
D_CRNWJQBKV6,device,D_CRNWJQBKV6,windows,0,0
D_TBALW4EVJL,device,D_TBALW4EVJL,android,0,0
D_4PC7DMIHWR,device,D_4PC7DMIHWR,ios,0,0
D_L1DSQH3Y99,device,D_L1DSQH3Y99,android,0,0
D_9U8ZEE8D4K,device,D_9U8ZEE8D4K,ios,0,0
D_LIE3T2YBOG,device,D_LIE3T2YBOG,android,0,0
D_MOF9Q3GY28,device,D_MOF9Q3GY28,android,0,0
D_B63M6P8796,device,D_B63M6P8796,ios,0,0
D_E756ZLLL86,device,D_E756ZLLL86,ios,0,0
D_YA3IV2XFRY,device,D_YA3IV2XFRY,ios,0,0
D_ZWEL8FM459,device,D_ZWEL8FM459,windows,0,0
D_5RNPLQMGEQ,device,D_5RNPLQMGEQ,android,0,0
D_05BWLB70KA,device,D_05BWLB70KA,android,0,0
D_FAVO5HFPRX,device,D_FAVO5HFPRX,ios,0,0
D_GZ58POAJY5,device,D_GZ58POAJY5,ios,0,0
D_H9WYGRKMC4,device,D_H9WYGRKMC4,ios,0,0
D_IX6APJA5IQ,device,D_IX6APJA5IQ,android,0,0
D_TRSQ7WKR78,device,D_TRSQ7WKR78,android,0,0
D_ACJHAT9AYN,device,D_ACJHAT9AYN,windows,0,0
D_O734YS2DG3,device,D_O734YS2DG3,android,0,0
D_DM525FA8BU,device,D_DM525FA8BU,ios,0,0
D_ESEKOU2CH0,device,D_ESEKOU2CH0,linux,0,0
D_V3ZM1N5FCA,device,D_V3ZM1N5FCA,android,0,0
D_XNIG1RJMJE,device,D_XNIG1RJMJE,android,0,0
D_CG9JEZ9HNY,device,D_CG9JEZ9HNY,ios,0,0
D_UPR69YBLSC,device,D_UPR69YBLSC,mac,0,0
D_M7LX6QCCK3,device,D_M7LX6QCCK3,android,0,0
D_QTMUEMY8NH,device,D_QTMUEMY8NH,ios,0,0
D_UTU2XNV31E,device,D_UTU2XNV31E,android,0,0
D_LCPLM3JQO5,device,D_LCPLM3JQO5,ios,0,0
D_47TN5QQ4M5,device,D_47TN5QQ4M5,mac,0,0
D_J4GW3FWCZK,device,D_J4GW3FWCZK,windows,0,0
D_H1G6APDPIQ,device,D_H1G6APDPIQ,android,0,0
D_H8PH2TIR74,device,D_H8PH2TIR74,ios,0,0
D_3A7KEJFSJU,device,D_3A7KEJFSJU,android,0,0
D_0LQ1EVU2EI,device,D_0LQ1EVU2EI,ios,0,0
D_1M2MS0XBZ5,device,D_1M2MS0XBZ5,ios,0,0
D_FLG9PFDV70,device,D_FLG9PFDV70,android,0,0
D_BV3SIEA5TN,device,D_BV3SIEA5TN,ios,0,0
D_R14BG3KIMM,device,D_R14BG3KIMM,android,0,0
D_MWECW6RG68,device,D_MWECW6RG68,ios,0,0
D_FL7GAG6CBV,device,D_FL7GAG6CBV,windows,0,0
D_J5XV6ZRVW1,device,D_J5XV6ZRVW1,ios,0,0
D_4Z2FO4EZP9,device,D_4Z2FO4EZP9,android,0,0
D_8Y33S7K347,device,D_8Y33S7K347,android,0,0
D_8JO9N0JZ0I,device,D_8JO9N0JZ0I,ios,0,0
D_OGVC8GC3T4,device,D_OGVC8GC3T4,android,0,0
D_H13QLIULLW,device,D_H13QLIULLW,android,0,0
D_M4ZGHPJXCB,device,D_M4ZGHPJXCB,android,0,0
D_HAA8CBOCG6,device,D_HAA8CBOCG6,android,0,0
D_9MDUQ0POQB,device,D_9MDUQ0POQB,android,0,0
D_TQE08D0SRE,device,D_TQE08D0SRE,android,0,0
D_2EES23JLN6,device,D_2EES23JLN6,android,0,0
D_98K229ENV4,device,D_98K229ENV4,windows,0,0
D_YC8Y26CGQE,device,D_YC8Y26CGQE,ios,0,0
D_SDNC1K3TSQ,device,D_SDNC1K3TSQ,ios,0,0
D_PD6H8BTNMI,device,D_PD6H8BTNMI,android,0,0
D_8MT3XNOZEB,device,D_8MT3XNOZEB,ios,0,0
D_7EFK7WPIRZ,device,D_7EFK7WPIRZ,ios,0,0
D_XGUY2EFSW5,device,D_XGUY2EFSW5,android,0,0
D_M7KBUM02SG,device,D_M7KBUM02SG,android,0,0
D_RM9J2DBJ5G,device,D_RM9J2DBJ5G,ios,0,0
D_96F8KEG0X3,device,D_96F8KEG0X3,mac,0,0
D_KMZ5YUGUR8,device,D_KMZ5YUGUR8,ios,0,0
D_VMKBNUWM1I,device,D_VMKBNUWM1I,windows,0,0
D_6MAUQHK9K3,device,D_6MAUQHK9K3,android,0,0
D_WUK91W0FQ6,device,D_WUK91W0FQ6,android,0,0
D_90L5JCX10N,device,D_90L5JCX10N,ios,0,0
D_43NPPC1POX,device,D_43NPPC1POX,android,0,0
D_3ISSOMLX2G,device,D_3ISSOMLX2G,linux,0,0
D_ELLFUV7QKK,device,D_ELLFUV7QKK,android,0,0
D_CJ0FFEGKUW,device,D_CJ0FFEGKUW,windows,0,0
D_LLZ1TDC0XV,device,D_LLZ1TDC0XV,ios,0,0
D_XDJ7CM85SP,device,D_XDJ7CM85SP,windows,0,0
D_HUQYK257AO,device,D_HUQYK257AO,android,0,0
D_EV1ZBBMYTO,device,D_EV1ZBBMYTO,android,0,0
D_XNF99RSYMA,device,D_XNF99RSYMA,ios,0,0
D_Q47D1PXG3K,device,D_Q47D1PXG3K,android,0,0
D_ZQUUYHVMOU,device,D_ZQUUYHVMOU,android,0,0
D_RR4WJLHYA3,device,D_RR4WJLHYA3,android,0,0
D_JITQHRFOS7,device,D_JITQHRFOS7,windows,0,0
D_KJKA8P376V,device,D_KJKA8P376V,ios,0,0
D_9PX2PDQM7R,device,D_9PX2PDQM7R,linux,0,0
D_REE6PIWN18,device,D_REE6PIWN18,windows,0,0
D_8THYQ00VNA,device,D_8THYQ00VNA,android,0,0
D_OK94F1OMDT,device,D_OK94F1OMDT,ios,0,0
D_7TFFGGCXQV,device,D_7TFFGGCXQV,ios,0,0
D_AZ18M7MDW8,device,D_AZ18M7MDW8,ios,0,0
D_2Y1UHFZ8G4,device,D_2Y1UHFZ8G4,mac,0,0
D_W85CM97D6G,device,D_W85CM97D6G,ios,0,0
D_DBUGYMC5EX,device,D_DBUGYMC5EX,ios,0,0
D_RVBZB7IAAD,device,D_RVBZB7IAAD,ios,0,0
D_DWPMSOFQ9R,device,D_DWPMSOFQ9R,ios,0,0
D_NHX9EZNZEB,device,D_NHX9EZNZEB,ios,0,0
D_QA42ZZ2PJD,device,D_QA42ZZ2PJD,ios,0,0
D_53SOBDJT2S,device,D_53SOBDJT2S,mac,0,0
D_CEWL6ZYNR9,device,D_CEWL6ZYNR9,ios,0,0
D_29BWV5ABNL,device,D_29BWV5ABNL,ios,0,0
D_5ND5RNJHAK,device,D_5ND5RNJHAK,mac,0,0
D_7XUJ6AD1YM,device,D_7XUJ6AD1YM,android,0,0
D_SAW1W8DLQC,device,D_SAW1W8DLQC,ios,0,0
D_CGFB95KNUN,device,D_CGFB95KNUN,ios,0,0
D_JZ8JLG4YKZ,device,D_JZ8JLG4YKZ,ios,0,0
D_T9ZLO8H6L1,device,D_T9ZLO8H6L1,android,0,0
D_XW3ZS1BIR8,device,D_XW3ZS1BIR8,ios,0,0
D_9UB9SU4DAD,device,D_9UB9SU4DAD,android,0,0
D_PY7BJ5IKMA,device,D_PY7BJ5IKMA,android,0,0
D_Z0WY5EQKCH,device,D_Z0WY5EQKCH,ios,0,0
D_EKU35S3BZ0,device,D_EKU35S3BZ0,android,0,0
D_CBRDCDTLFN,device,D_CBRDCDTLFN,linux,0,0
D_1BHHG60HDB,device,D_1BHHG60HDB,windows,0,0
D_8ZJ2G758SJ,device,D_8ZJ2G758SJ,android,0,0
D_FZYPE4VMWV,device,D_FZYPE4VMWV,android,0,0
D_E9U35QITHK,device,D_E9U35QITHK,android,0,0
D_ASL20M0YN0,device,D_ASL20M0YN0,android,0,0
D_C000D8NCKN,device,D_C000D8NCKN,android,0,0
D_VVCMW0KAV0,device,D_VVCMW0KAV0,android,0,0
D_7UXYMBNMMM,device,D_7UXYMBNMMM,android,0,0
D_IGT1U7OHQT,device,D_IGT1U7OHQT,linux,0,0
D_03DSN049LK,device,D_03DSN049LK,android,0,0
D_NVGASTJYQK,device,D_NVGASTJYQK,android,0,0
D_UU2LTER5OB,device,D_UU2LTER5OB,android,0,0
D_V5T3NNPX5B,device,D_V5T3NNPX5B,ios,0,0
D_NV9O1ANF4I,device,D_NV9O1ANF4I,android,0,0
D_H1LU9TNOZW,device,D_H1LU9TNOZW,android,0,0
D_39VND5ADCM,device,D_39VND5ADCM,ios,0,0
D_NZAE2M1MKT,device,D_NZAE2M1MKT,android,0,0
D_Y2L6V8KZY8,device,D_Y2L6V8KZY8,windows,0,0
D_0JLOEV8IK1,device,D_0JLOEV8IK1,linux,0,0
D_NC1Y5JUGOX,device,D_NC1Y5JUGOX,windows,0,0
D_8DQMWY777T,device,D_8DQMWY777T,ios,0,0
D_3AOABWZWHD,device,D_3AOABWZWHD,ios,0,0
D_G4MMA04365,device,D_G4MMA04365,android,0,0
D_KYWLSMRG6O,device,D_KYWLSMRG6O,ios,0,0
D_KSI6IGO6ZV,device,D_KSI6IGO6ZV,android,0,0
D_M7DLOY8DOW,device,D_M7DLOY8DOW,ios,0,0
D_5G6XK6A98I,device,D_5G6XK6A98I,android,0,0
D_15WK5U0IWH,device,D_15WK5U0IWH,ios,0,0
D_V832TQYYEA,device,D_V832TQYYEA,android,0,0
D_QUQS9A842I,device,D_QUQS9A842I,android,0,0
D_3E3RULNVBR,device,D_3E3RULNVBR,mac,0,0
D_VKD2F3WTU7,device,D_VKD2F3WTU7,linux,0,0
D_6OXYJE4GWX,device,D_6OXYJE4GWX,android,0,0
D_J9XP5J6A2S,device,D_J9XP5J6A2S,windows,0,0
D_QMX5BJ8X8F,device,D_QMX5BJ8X8F,android,0,0
D_GTUQNASKS1,device,D_GTUQNASKS1,android,0,0
D_WM1K79VIMO,device,D_WM1K79VIMO,windows,0,0
D_FMAQ73XH0Q,device,D_FMAQ73XH0Q,ios,0,0
D_H5L2PWH6RZ,device,D_H5L2PWH6RZ,mac,0,0
D_NOW101ETMS,device,D_NOW101ETMS,android,0,0
D_8SHRDJKV58,device,D_8SHRDJKV58,ios,0,0
D_YSB25ODTKE,device,D_YSB25ODTKE,ios,0,0
D_W4ENIXJFLJ,device,D_W4ENIXJFLJ,android,0,0
D_14BI1TZF7D,device,D_14BI1TZF7D,android,0,0
D_33D06VBM6O,device,D_33D06VBM6O,android,0,0
D_P8UWFX536P,device,D_P8UWFX536P,ios,0,0
D_H4ZV1BA1RK,device,D_H4ZV1BA1RK,ios,0,0
D_5CXVN5RQER,device,D_5CXVN5RQER,android,0,0
D_QVY3718YR2,device,D_QVY3718YR2,ios,0,0
D_DLG8Q8II7C,device,D_DLG8Q8II7C,ios,0,0
D_TGVKKTVNSR,device,D_TGVKKTVNSR,ios,0,0
D_D1BAPLD159,device,D_D1BAPLD159,ios,0,0
D_HTNWJ3Y989,device,D_HTNWJ3Y989,android,0,0
D_SNLKE4LC6X,device,D_SNLKE4LC6X,ios,0,0
D_ZQECH7BCQD,device,D_ZQECH7BCQD,mac,0,0
D_DAUPF9X7A2,device,D_DAUPF9X7A2,android,0,0
D_EE3MEYAMW0,device,D_EE3MEYAMW0,android,0,0
D_V9421AQ11C,device,D_V9421AQ11C,android,0,0
D_YQZGOLOD1Z,device,D_YQZGOLOD1Z,android,0,0
D_MOKZ6U6S45,device,D_MOKZ6U6S45,android,0,0
D_5MNINHO46Q,device,D_5MNINHO46Q,ios,0,0
D_FI2NCYSG74,device,D_FI2NCYSG74,ios,0,0
D_PY8A9HJXT0,device,D_PY8A9HJXT0,android,0,0
D_72X24B06TW,device,D_72X24B06TW,ios,0,0
D_86T2GL9S0Z,device,D_86T2GL9S0Z,ios,0,0
D_BCSANSRNMB,device,D_BCSANSRNMB,android,0,0
D_FSW2R1XAZV,device,D_FSW2R1XAZV,android,0,0
D_PUXQHDD8W5,device,D_PUXQHDD8W5,android,0,0
D_T90CYHXVCY,device,D_T90CYHXVCY,windows,0,0
D_TOFS34X8JI,device,D_TOFS34X8JI,ios,0,0
D_V84XM9BF54,device,D_V84XM9BF54,linux,0,0
D_C9YFXVBN3O,device,D_C9YFXVBN3O,android,0,0
D_P0Q49RQ9JY,device,D_P0Q49RQ9JY,ios,0,0
D_GQOAENZ17F,device,D_GQOAENZ17F,windows,0,0
D_0HOM1SXMCM,device,D_0HOM1SXMCM,android,0,0
D_XOBVPTCHZX,device,D_XOBVPTCHZX,ios,0,0
D_7L4AB7A83M,device,D_7L4AB7A83M,ios,0,0
D_61ZZ2BYLXF,device,D_61ZZ2BYLXF,android,0,0
D_HO359GOE5V,device,D_HO359GOE5V,android,0,0
D_7YKT2SDFI1,device,D_7YKT2SDFI1,mac,0,0
D_ELNQOPZU46,device,D_ELNQOPZU46,ios,0,0
D_Y635XPGTPX,device,D_Y635XPGTPX,android,0,0
D_P0VHTJMY4Y,device,D_P0VHTJMY4Y,ios,0,0
D_WLZVM3CUZZ,device,D_WLZVM3CUZZ,android,0,0
D_71BDJ5LQC2,device,D_71BDJ5LQC2,mac,0,0
D_XHS8XI3T79,device,D_XHS8XI3T79,android,0,0
D_N9WZ2S9SLH,device,D_N9WZ2S9SLH,android,0,0
D_1L2LIT38KD,device,D_1L2LIT38KD,android,0,0
D_NPPF9F8J4R,device,D_NPPF9F8J4R,ios,0,0
D_YATUZFALSN,device,D_YATUZFALSN,mac,0,0
D_F9KGA29KTO,device,D_F9KGA29KTO,android,0,0
D_9ZFT2E26I1,device,D_9ZFT2E26I1,android,0,0
D_XT6P2BX55X,device,D_XT6P2BX55X,windows,0,0
D_E7LV2UP4KB,device,D_E7LV2UP4KB,android,0,0
D_06VV8WS83I,device,D_06VV8WS83I,android,0,0
D_B888VA29TY,device,D_B888VA29TY,android,0,0
D_RELH48WPT5,device,D_RELH48WPT5,ios,0,0
D_AVSIIAVSP8,device,D_AVSIIAVSP8,android,0,0
D_OEQYE72G52,device,D_OEQYE72G52,linux,0,0
D_8GQIWIKG0C,device,D_8GQIWIKG0C,ios,0,0
D_6FX4MSA2TE,device,D_6FX4MSA2TE,android,0,0
D_CC9ALMJYVJ,device,D_CC9ALMJYVJ,ios,0,0
D_GRSQEWDHHL,device,D_GRSQEWDHHL,ios,0,0
D_7CHVPPA9RO,device,D_7CHVPPA9RO,android,0,0
D_YMM7SEL248,device,D_YMM7SEL248,android,0,0
D_C75VV0SIY5,device,D_C75VV0SIY5,android,0,0
D_YH14GXK740,device,D_YH14GXK740,mac,0,0
D_TJ3CZV2M08,device,D_TJ3CZV2M08,android,0,0
D_HGLJ0H8PL4,device,D_HGLJ0H8PL4,ios,0,0
D_HG249GGGCE,device,D_HG249GGGCE,android,0,0
D_SY87WYBHRQ,device,D_SY87WYBHRQ,windows,0,0
D_IJ4GYIJ8O7,device,D_IJ4GYIJ8O7,ios,0,0
D_W0RGZQK1SN,device,D_W0RGZQK1SN,android,0,0
D_OP335U3LHF,device,D_OP335U3LHF,ios,0,0
D_M2YR68A8U7,device,D_M2YR68A8U7,ios,0,0
D_6189H3KFDI,device,D_6189H3KFDI,mac,0,0
D_S3CUFSBYS2,device,D_S3CUFSBYS2,windows,0,0
D_0MB5RZXNKB,device,D_0MB5RZXNKB,ios,0,0
D_JBIQKMTWGB,device,D_JBIQKMTWGB,windows,0,0
D_E23NHKQHDL,device,D_E23NHKQHDL,ios,0,0
D_SNPP2480FZ,device,D_SNPP2480FZ,android,0,0
D_PTRB14QCRI,device,D_PTRB14QCRI,android,0,0
D_0IPP0Q6RS2,device,D_0IPP0Q6RS2,android,0,0
D_K9X5A041TD,device,D_K9X5A041TD,windows,0,0
D_2SHUPSGBCW,device,D_2SHUPSGBCW,android,0,0
D_I45R07BAOI,device,D_I45R07BAOI,android,0,0
D_WAYDRUR2WS,device,D_WAYDRUR2WS,mac,0,0
D_U6716EF54D,device,D_U6716EF54D,ios,0,0
D_IBU5E3JW0E,device,D_IBU5E3JW0E,android,0,0
D_NWW4E3J8Z4,device,D_NWW4E3J8Z4,android,0,0
D_ZJESJGQ9BL,device,D_ZJESJGQ9BL,windows,0,0
D_YWCJFI6D65,device,D_YWCJFI6D65,android,0,0
D_P2LNP0UGDL,device,D_P2LNP0UGDL,mac,0,0
D_24B8XQK5CC,device,D_24B8XQK5CC,android,0,0
D_K0AKSYCVJE,device,D_K0AKSYCVJE,ios,0,0
D_6JF68SYVD0,device,D_6JF68SYVD0,linux,0,0
D_CUVSSJ42OO,device,D_CUVSSJ42OO,android,0,0
D_P5N2TIWBFT,device,D_P5N2TIWBFT,android,0,0
D_5IP7AEQRW4,device,D_5IP7AEQRW4,windows,0,0
D_FQMHDMG0DT,device,D_FQMHDMG0DT,android,0,0
D_TK7HB87WSG,device,D_TK7HB87WSG,android,0,0
D_ABFD2H88QC,device,D_ABFD2H88QC,android,0,0
D_YO6U2UU02O,device,D_YO6U2UU02O,android,0,0
D_19XHICTQ61,device,D_19XHICTQ61,android,0,0
D_CXSQ381772,device,D_CXSQ381772,android,0,0
D_IBF4QPDKJL,device,D_IBF4QPDKJL,mac,0,0
D_W2ZMYOERN3,device,D_W2ZMYOERN3,android,0,0
D_W0493OSFZ9,device,D_W0493OSFZ9,ios,0,0
D_B35PYHNB4A,device,D_B35PYHNB4A,android,0,0
D_ZP8QYSKFG2,device,D_ZP8QYSKFG2,ios,0,0
D_MHSP0WT6DR,device,D_MHSP0WT6DR,android,0,0
D_BEOQ2XM6HJ,device,D_BEOQ2XM6HJ,ios,0,0
D_2LH68HH8DW,device,D_2LH68HH8DW,ios,0,0
D_EV6VW2TE8N,device,D_EV6VW2TE8N,mac,0,0
D_23YB1ORQI6,device,D_23YB1ORQI6,android,0,0
D_OSDMO5YABW,device,D_OSDMO5YABW,android,0,0
D_3EFC6RY6SZ,device,D_3EFC6RY6SZ,ios,0,0
D_B6UUZI1KRA,device,D_B6UUZI1KRA,windows,0,0
D_BBTPQHLZFL,device,D_BBTPQHLZFL,linux,0,0
D_FXC1OFJ2KW,device,D_FXC1OFJ2KW,android,0,0
D_NDXI7BMAJK,device,D_NDXI7BMAJK,android,0,0
D_BQ1W24ULIY,device,D_BQ1W24ULIY,ios,0,0
D_DCX1R0BVJ0,device,D_DCX1R0BVJ0,android,0,0
D_VNGPVIXQHI,device,D_VNGPVIXQHI,android,0,0
D_TTZAL1EI1D,device,D_TTZAL1EI1D,windows,0,0
D_GSKGOBKFGO,device,D_GSKGOBKFGO,android,0,0
D_JFC718F8UV,device,D_JFC718F8UV,android,0,0
D_CX87ZZG2PH,device,D_CX87ZZG2PH,ios,0,0
D_H1HHLZ86V6,device,D_H1HHLZ86V6,ios,0,0
D_W9BHDJVZ0W,device,D_W9BHDJVZ0W,ios,0,0
D_JKIXXJUIHM,device,D_JKIXXJUIHM,android,0,0
D_XIY309LWLY,device,D_XIY309LWLY,ios,0,0
D_RR5LLXIPL2,device,D_RR5LLXIPL2,linux,0,0
D_8JG5WZYMJ6,device,D_8JG5WZYMJ6,android,0,0
D_MBEY5C1QBH,device,D_MBEY5C1QBH,android,0,0
D_5GVGTHZBAK,device,D_5GVGTHZBAK,windows,0,0
D_F2YXG9AW2T,device,D_F2YXG9AW2T,ios,0,0
D_3RMG3WOGLY,device,D_3RMG3WOGLY,windows,0,0
D_I56X7NV1S4,device,D_I56X7NV1S4,linux,0,0
D_2IUS2BQ6JR,device,D_2IUS2BQ6JR,ios,0,0
D_2MEQGFJBWK,device,D_2MEQGFJBWK,linux,0,0
D_UA79M6SS55,device,D_UA79M6SS55,ios,0,0
D_IUQSUDUQ60,device,D_IUQSUDUQ60,ios,0,0
D_U5N0S2QF85,device,D_U5N0S2QF85,android,0,0
D_8CRJH42F39,device,D_8CRJH42F39,linux,0,0
D_VC3R9VYS5Z,device,D_VC3R9VYS5Z,android,0,0
D_3KZ05JDOVR,device,D_3KZ05JDOVR,android,0,0
D_6ZBAXMZ4HE,device,D_6ZBAXMZ4HE,ios,0,0
D_6UQ7BFJR8W,device,D_6UQ7BFJR8W,ios,0,0
D_B9JFCOUD61,device,D_B9JFCOUD61,mac,0,0
D_VAAWT07Y0Q,device,D_VAAWT07Y0Q,android,0,0
D_NBEWQ73F3V,device,D_NBEWQ73F3V,ios,0,0
D_EUD9LVHW4E,device,D_EUD9LVHW4E,ios,0,0
D_6352CS3003,device,D_6352CS3003,ios,0,0
D_HYIEH5RJB3,device,D_HYIEH5RJB3,android,0,0
D_6K799R4M31,device,D_6K799R4M31,android,0,0
D_KHAUN4MVMP,device,D_KHAUN4MVMP,android,0,0
D_CJ2K78VAOB,device,D_CJ2K78VAOB,ios,0,0
D_BGNM5JO5FQ,device,D_BGNM5JO5FQ,ios,0,0
D_AYWKNWNQT2,device,D_AYWKNWNQT2,ios,0,0
D_K27TJITT4L,device,D_K27TJITT4L,windows,0,0
D_3BQ160DBLF,device,D_3BQ160DBLF,android,0,0
D_8BIMHWJ0BR,device,D_8BIMHWJ0BR,ios,0,0
D_RJ7T7WIG6B,device,D_RJ7T7WIG6B,ios,0,0
D_ATF5OMI2R7,device,D_ATF5OMI2R7,android,0,0
D_RLOHWCRE4D,device,D_RLOHWCRE4D,android,0,0
D_V76OIZQYZN,device,D_V76OIZQYZN,ios,0,0
D_AXBIINTAIU,device,D_AXBIINTAIU,android,0,0
D_K0UUEPD7F4,device,D_K0UUEPD7F4,android,0,0
D_TSQL1QT3YS,device,D_TSQL1QT3YS,android,0,0
D_ZVNWR9D2J6,device,D_ZVNWR9D2J6,windows,0,0
D_Q2LK89H9EF,device,D_Q2LK89H9EF,ios,0,0
D_N4586ENE5O,device,D_N4586ENE5O,mac,0,0
D_4DFCLELY0X,device,D_4DFCLELY0X,android,0,0
D_Q7G64XSU6L,device,D_Q7G64XSU6L,ios,0,0
D_LU7EIDWY4D,device,D_LU7EIDWY4D,android,0,0
D_7N7NAMQHXP,device,D_7N7NAMQHXP,android,0,0
D_6SBQS7YNN9,device,D_6SBQS7YNN9,mac,0,0
D_G93ESRFFUE,device,D_G93ESRFFUE,ios,0,0
D_FZK8YWVKBI,device,D_FZK8YWVKBI,android,0,0
D_MIPJ6SLMO6,device,D_MIPJ6SLMO6,mac,0,0
D_VIQ157J91G,device,D_VIQ157J91G,ios,0,0
D_2G0HU9YWNY,device,D_2G0HU9YWNY,android,0,0
D_J9QW2ASK2L,device,D_J9QW2ASK2L,android,0,0
D_ZHWRGU6214,device,D_ZHWRGU6214,android,0,0
D_6NZ9GS966H,device,D_6NZ9GS966H,windows,0,0
D_AHCI8UEE2W,device,D_AHCI8UEE2W,android,0,0
D_Q24QEY2364,device,D_Q24QEY2364,ios,0,0
D_Z3FY63OZG8,device,D_Z3FY63OZG8,android,0,0
D_AYMXFGSEI3,device,D_AYMXFGSEI3,ios,0,0
D_TVL162P2ER,device,D_TVL162P2ER,ios,0,0
D_ZGZX1YFH1H,device,D_ZGZX1YFH1H,android,0,0
D_DNR911OU1F,device,D_DNR911OU1F,ios,0,0
D_CAJ1KDIU43,device,D_CAJ1KDIU43,ios,0,0
D_ZYKHRV7X4F,device,D_ZYKHRV7X4F,ios,0,0
D_ZXOS9GN02L,device,D_ZXOS9GN02L,android,0,0
D_YOF8IQI1QN,device,D_YOF8IQI1QN,android,0,0
D_JYP4EF6YEL,device,D_JYP4EF6YEL,android,0,0
D_8GFWL23GZ2,device,D_8GFWL23GZ2,ios,0,0
D_9JLF8UV7DS,device,D_9JLF8UV7DS,ios,0,0
D_BL2V184K38,device,D_BL2V184K38,android,0,0
D_6CGK4UQAR2,device,D_6CGK4UQAR2,ios,0,0
D_KGMRMSNT0K,device,D_KGMRMSNT0K,android,0,0
D_TE4LD2ZAUI,device,D_TE4LD2ZAUI,ios,0,0
D_NXSMI614Q9,device,D_NXSMI614Q9,android,0,0
D_HOE8BX9FV1,device,D_HOE8BX9FV1,android,0,0
D_HG4GBYDE89,device,D_HG4GBYDE89,ios,0,0
D_VVNX4MG9CP,device,D_VVNX4MG9CP,ios,0,0
D_FI0KNS09BE,device,D_FI0KNS09BE,android,0,0
D_F1EFZMR2NW,device,D_F1EFZMR2NW,android,0,0
D_DN9Q3ULAOP,device,D_DN9Q3ULAOP,windows,0,0
D_OWW2C4VI59,device,D_OWW2C4VI59,ios,0,0
D_SYTGFQZ276,device,D_SYTGFQZ276,android,0,0
D_H1BMYDVJ66,device,D_H1BMYDVJ66,ios,0,0
D_VEUFZERUC7,device,D_VEUFZERUC7,ios,0,0
D_SJRO4OM9O7,device,D_SJRO4OM9O7,ios,0,0
D_YE3AJ4XKZO,device,D_YE3AJ4XKZO,ios,0,0
D_ZOE3JUYT82,device,D_ZOE3JUYT82,android,0,0
D_Z4JSIJPBEU,device,D_Z4JSIJPBEU,ios,0,0
D_PLQCXM0Z77,device,D_PLQCXM0Z77,android,0,0
D_4E69G4VO4C,device,D_4E69G4VO4C,ios,0,0
D_23X5UEJIX7,device,D_23X5UEJIX7,android,0,0
D_UC5G0NI0LZ,device,D_UC5G0NI0LZ,mac,0,0
D_KXKSENZNA2,device,D_KXKSENZNA2,android,0,0
D_RXDGZT26IR,device,D_RXDGZT26IR,android,0,0
D_F1RCEPWSI7,device,D_F1RCEPWSI7,ios,0,0
D_P4S7JZ4DZI,device,D_P4S7JZ4DZI,ios,0,0
D_NLE7GODVYH,device,D_NLE7GODVYH,android,0,0
D_QZF2IVEHKC,device,D_QZF2IVEHKC,windows,0,0
D_C3F1EZLPTI,device,D_C3F1EZLPTI,ios,0,0
D_4ME0IPCT6C,device,D_4ME0IPCT6C,android,0,0
D_0BR3KTOFZR,device,D_0BR3KTOFZR,windows,0,0
D_8964WP5ZWO,device,D_8964WP5ZWO,mac,0,0
D_IO65XBMCO1,device,D_IO65XBMCO1,linux,0,0
D_BKIFH9SFQ4,device,D_BKIFH9SFQ4,android,0,0
D_F39VZGTVCQ,device,D_F39VZGTVCQ,ios,0,0
D_UVSS1QMNVR,device,D_UVSS1QMNVR,windows,0,0
D_ECCKSB0OJU,device,D_ECCKSB0OJU,mac,0,0
D_C7DDISIJND,device,D_C7DDISIJND,android,0,0
D_WCE043X1CX,device,D_WCE043X1CX,ios,0,0
D_U3LX9CAAGT,device,D_U3LX9CAAGT,android,0,0
D_IFO4423HEL,device,D_IFO4423HEL,ios,0,0
D_SUBU1YEKO4,device,D_SUBU1YEKO4,android,0,0
D_YKDVWUWS08,device,D_YKDVWUWS08,android,0,0
D_7DG8N371D1,device,D_7DG8N371D1,android,0,0
D_ZFD1N6LRIM,device,D_ZFD1N6LRIM,android,0,0
D_4SA6NXMEW6,device,D_4SA6NXMEW6,android,0,0
D_YQ4JIUNWBQ,device,D_YQ4JIUNWBQ,android,0,0
D_R6ES699611,device,D_R6ES699611,mac,0,0
D_TV4B81CK26,device,D_TV4B81CK26,android,0,0
D_7OMVBQKOI0,device,D_7OMVBQKOI0,android,0,0
D_6PII997MK5,device,D_6PII997MK5,android,0,0
D_HW18JKUYN4,device,D_HW18JKUYN4,android,0,0
D_PM3H1BAS2X,device,D_PM3H1BAS2X,mac,0,0
D_5BVG07SCQB,device,D_5BVG07SCQB,android,0,0
D_EXLZ8J2082,device,D_EXLZ8J2082,android,0,0
D_RU5U84FNK3,device,D_RU5U84FNK3,android,0,0
D_LV2GKOO7RR,device,D_LV2GKOO7RR,android,0,0
D_WJK6A9VG27,device,D_WJK6A9VG27,windows,0,0
D_DCDT7P917Q,device,D_DCDT7P917Q,android,0,0
D_HGVYOZ3BNY,device,D_HGVYOZ3BNY,ios,0,0
D_HKI3OOMZFY,device,D_HKI3OOMZFY,android,0,0
D_5YB2V1M6U1,device,D_5YB2V1M6U1,linux,0,0
D_SUUPJPG096,device,D_SUUPJPG096,ios,0,0
D_1K0RW98GSB,device,D_1K0RW98GSB,android,0,0
D_W6M2U12GHO,device,D_W6M2U12GHO,ios,0,0
D_DJBO7B2YFR,device,D_DJBO7B2YFR,mac,0,0
D_53QHTRT6RY,device,D_53QHTRT6RY,android,0,0
D_A8GVA4N4GL,device,D_A8GVA4N4GL,android,0,0
D_3KX80LKOWZ,device,D_3KX80LKOWZ,ios,0,0
D_3DY0A7I0YI,device,D_3DY0A7I0YI,android,0,0
D_8SGJL73YWZ,device,D_8SGJL73YWZ,ios,0,0
D_3OVQLAKABM,device,D_3OVQLAKABM,android,0,0
D_0WCBK8FLRJ,device,D_0WCBK8FLRJ,android,0,0
D_YKCBT0EJBB,device,D_YKCBT0EJBB,android,0,0
D_NI7B0HBLLG,device,D_NI7B0HBLLG,windows,0,0
D_79612KZGZ8,device,D_79612KZGZ8,ios,0,0
D_7MSNRDOPZP,device,D_7MSNRDOPZP,ios,0,0
D_OPA98BNLSV,device,D_OPA98BNLSV,android,0,0
D_XDKSJK0KCN,device,D_XDKSJK0KCN,android,0,0
D_RFFQ85CG7A,device,D_RFFQ85CG7A,ios,0,0
D_74FV0UKX5D,device,D_74FV0UKX5D,ios,0,0
D_WTBXGA9BTD,device,D_WTBXGA9BTD,android,0,0
D_S8YUYTGQEI,device,D_S8YUYTGQEI,ios,0,0
D_W2KJ0AEFEP,device,D_W2KJ0AEFEP,mac,0,0
D_MM8EN84CRF,device,D_MM8EN84CRF,android,0,0
D_ZG5PEIMNXD,device,D_ZG5PEIMNXD,windows,0,0
D_2V1FL5TCKY,device,D_2V1FL5TCKY,windows,0,0
D_DUG3T10PF1,device,D_DUG3T10PF1,android,0,0
D_BIEVHKJMY9,device,D_BIEVHKJMY9,android,0,0
D_4ZGGX6UVTX,device,D_4ZGGX6UVTX,android,0,0
D_29M5ZDBJS7,device,D_29M5ZDBJS7,windows,0,0
D_P1XKZ3W1E9,device,D_P1XKZ3W1E9,android,0,0
D_0QGCCTX7G7,device,D_0QGCCTX7G7,ios,0,0
D_T5XNRW4NUJ,device,D_T5XNRW4NUJ,android,0,0
D_WT2QYX3QXC,device,D_WT2QYX3QXC,android,0,0
D_9QAK5D67A9,device,D_9QAK5D67A9,ios,0,0
D_5E1CCGA36F,device,D_5E1CCGA36F,android,0,0
D_MTKCHAF6RS,device,D_MTKCHAF6RS,ios,0,0
D_9OE75W5GOS,device,D_9OE75W5GOS,windows,0,0
D_TVH2H63HNK,device,D_TVH2H63HNK,ios,0,0
D_CAVOO0JM1X,device,D_CAVOO0JM1X,android,0,0
D_VWFW31A567,device,D_VWFW31A567,android,0,0
D_2TSOMI0YKZ,device,D_2TSOMI0YKZ,mac,0,0
D_UOQPQFNQFL,device,D_UOQPQFNQFL,ios,0,0
D_JTVFJ1OKTS,device,D_JTVFJ1OKTS,android,0,0
D_F8T8R0IFEJ,device,D_F8T8R0IFEJ,android,0,0
D_5VKKO7I2QT,device,D_5VKKO7I2QT,ios,0,0
D_G33JQ9B3BA,device,D_G33JQ9B3BA,ios,0,0
D_6HVEESTRBU,device,D_6HVEESTRBU,android,0,0
D_XVQWO6P3O0,device,D_XVQWO6P3O0,android,0,0
D_M6ZXOYAJY5,device,D_M6ZXOYAJY5,android,0,0
D_QFAGQ6JAPW,device,D_QFAGQ6JAPW,ios,0,0
D_38AU7UKH3J,device,D_38AU7UKH3J,ios,0,0
D_QRR72QXJJR,device,D_QRR72QXJJR,windows,0,0
D_4KTT4RPGE5,device,D_4KTT4RPGE5,android,0,0
D_U5KKJHUWFC,device,D_U5KKJHUWFC,android,0,0
D_WSIHQ6BWLZ,device,D_WSIHQ6BWLZ,android,0,0
D_ZJ4IS7EFFP,device,D_ZJ4IS7EFFP,android,0,0
D_30V5AC4HYC,device,D_30V5AC4HYC,ios,0,0
D_XPTC378WW4,device,D_XPTC378WW4,ios,0,0
D_0MT05VC9QV,device,D_0MT05VC9QV,ios,0,0
D_0Y8GO1HG32,device,D_0Y8GO1HG32,linux,0,0
D_PUIUESZYAQ,device,D_PUIUESZYAQ,windows,0,0
D_D5ZBJN2JSF,device,D_D5ZBJN2JSF,android,0,0
D_M6K6T8N1P0,device,D_M6K6T8N1P0,ios,0,0
D_1LIZ3TCWYP,device,D_1LIZ3TCWYP,ios,0,0
D_03M4VRPR1K,device,D_03M4VRPR1K,android,0,0
D_8D121BYR2F,device,D_8D121BYR2F,android,0,0
D_TXUDMIO77A,device,D_TXUDMIO77A,android,0,0
D_CRNAFSBQCF,device,D_CRNAFSBQCF,mac,0,0
D_WBC19XT9R1,device,D_WBC19XT9R1,android,0,0
D_EV2KLY0ZQF,device,D_EV2KLY0ZQF,ios,0,0
D_RLE95IS1DI,device,D_RLE95IS1DI,android,0,0
D_RSC64YWP2J,device,D_RSC64YWP2J,ios,0,0
D_I5ZJJ3DMQ6,device,D_I5ZJJ3DMQ6,ios,0,0
D_KGQ3IM7AQY,device,D_KGQ3IM7AQY,mac,0,0
D_28TKJWJWNJ,device,D_28TKJWJWNJ,android,0,0
D_EW273T5XJS,device,D_EW273T5XJS,ios,0,0
D_EI6FT7JKMD,device,D_EI6FT7JKMD,ios,0,0
D_LEVUFGWO1J,device,D_LEVUFGWO1J,android,0,0
D_JOBBMS2VLA,device,D_JOBBMS2VLA,android,0,0
D_T4RBPWEL6B,device,D_T4RBPWEL6B,android,0,0
D_XY3695NEQ2,device,D_XY3695NEQ2,ios,0,0
D_CNI1RK9E2I,device,D_CNI1RK9E2I,android,0,0
D_J02H4SLPRS,device,D_J02H4SLPRS,ios,0,0
D_0HI7AV4OYL,device,D_0HI7AV4OYL,android,0,0
D_X9OP8CPFY4,device,D_X9OP8CPFY4,ios,0,0
D_LPIM5O02BC,device,D_LPIM5O02BC,ios,0,0
D_CHBFXJZCIL,device,D_CHBFXJZCIL,ios,0,0
D_ICMZD5TA1W,device,D_ICMZD5TA1W,ios,0,0
D_ND1RF5T117,device,D_ND1RF5T117,ios,0,0
D_GPMFD5XV5C,device,D_GPMFD5XV5C,windows,0,0
D_ITVBFDR4LV,device,D_ITVBFDR4LV,ios,0,0
D_SG9XIBE7FG,device,D_SG9XIBE7FG,android,0,0
D_WJPEM88I82,device,D_WJPEM88I82,android,0,0
D_9ZVE3ZC5KF,device,D_9ZVE3ZC5KF,ios,0,0
D_P5CNGF2ZOE,device,D_P5CNGF2ZOE,android,0,0
D_8YP7U5Q4LZ,device,D_8YP7U5Q4LZ,windows,0,0
D_J9NDLZRI52,device,D_J9NDLZRI52,ios,0,0
D_0JMIUYYI4T,device,D_0JMIUYYI4T,mac,0,0
D_G87JJ7CPH3,device,D_G87JJ7CPH3,windows,0,0
D_SAG46XNRFO,device,D_SAG46XNRFO,windows,0,0
D_90UQTA9RR8,device,D_90UQTA9RR8,ios,0,0
D_LMFD9X9A8V,device,D_LMFD9X9A8V,android,0,0
D_W3KVESUBR9,device,D_W3KVESUBR9,android,0,0
D_9P9YKNXH6D,device,D_9P9YKNXH6D,ios,0,0
D_IOGGG0JMKP,device,D_IOGGG0JMKP,android,0,0
D_KHISKVNMQT,device,D_KHISKVNMQT,windows,0,0
D_HB4E620WM0,device,D_HB4E620WM0,mac,0,0
D_NO6WHN2C1K,device,D_NO6WHN2C1K,ios,0,0
D_61IBLFA51K,device,D_61IBLFA51K,ios,0,0
D_KQWQFSSEHL,device,D_KQWQFSSEHL,ios,0,0
D_Z6QWKTXMY8,device,D_Z6QWKTXMY8,ios,0,0
D_EVZA7QKAUW,device,D_EVZA7QKAUW,android,0,0
D_224HNETHF8,device,D_224HNETHF8,android,0,0
D_3E1F6KX9JH,device,D_3E1F6KX9JH,android,0,0
D_CRK4HOCCRP,device,D_CRK4HOCCRP,mac,0,0
D_G949O8VSWS,device,D_G949O8VSWS,android,0,0
D_KVZK75J99R,device,D_KVZK75J99R,android,0,0
D_8OR6NEGWQK,device,D_8OR6NEGWQK,android,0,0
D_BIJVJGU4P3,device,D_BIJVJGU4P3,mac,0,0
D_IJ2KTMALNC,device,D_IJ2KTMALNC,windows,0,0
D_6WAKQFJZOD,device,D_6WAKQFJZOD,android,0,0
D_4PLO66V9N8,device,D_4PLO66V9N8,mac,0,0
D_84PK4HQBMW,device,D_84PK4HQBMW,android,0,0
D_7RDG8OASD2,device,D_7RDG8OASD2,mac,0,0
D_3BC2ULOSNZ,device,D_3BC2ULOSNZ,android,0,0
D_TGVS9COI6X,device,D_TGVS9COI6X,ios,0,0
D_PWF81M3813,device,D_PWF81M3813,mac,0,0
D_N8WRZBFNZ2,device,D_N8WRZBFNZ2,ios,0,0
D_1BQUGZ079P,device,D_1BQUGZ079P,mac,0,0
D_ZBEKLIPZSW,device,D_ZBEKLIPZSW,android,0,0
D_ONN7KYXRYA,device,D_ONN7KYXRYA,android,0,0
D_HVXCUBYP18,device,D_HVXCUBYP18,ios,0,0
D_MAW6QA2Z9U,device,D_MAW6QA2Z9U,ios,0,0
D_VN0TM4PGWD,device,D_VN0TM4PGWD,linux,0,0
D_7Q37VKMUU6,device,D_7Q37VKMUU6,ios,0,0
D_YGYNVBDTOG,device,D_YGYNVBDTOG,windows,0,0
D_4AGRX95FMW,device,D_4AGRX95FMW,android,0,0
D_71SAHILNT6,device,D_71SAHILNT6,android,0,0
D_8SLI2ZK0KN,device,D_8SLI2ZK0KN,android,0,0
D_E5YSO0WP8X,device,D_E5YSO0WP8X,ios,0,0
D_31PJCOY9IE,device,D_31PJCOY9IE,android,0,0
D_NSWELUT881,device,D_NSWELUT881,android,0,0
D_47MQ9W14SR,device,D_47MQ9W14SR,windows,0,0
D_TRBM47F3HT,device,D_TRBM47F3HT,android,0,0
D_KAUQ8AW8U8,device,D_KAUQ8AW8U8,ios,0,0
D_600OYH69HO,device,D_600OYH69HO,linux,0,0
D_SX8ZHN6MH3,device,D_SX8ZHN6MH3,android,0,0
D_LR1U69QTTS,device,D_LR1U69QTTS,android,0,0
D_INR77YOTRT,device,D_INR77YOTRT,android,0,0
D_FJUM1Q9DVO,device,D_FJUM1Q9DVO,android,0,0
D_JEQWKXRU85,device,D_JEQWKXRU85,android,0,0
D_0O8DTH2Y1R,device,D_0O8DTH2Y1R,android,0,0
D_RNNG5ZKO0A,device,D_RNNG5ZKO0A,ios,0,0
D_WXT1J7UDUY,device,D_WXT1J7UDUY,android,0,0
D_5I0D77JYP1,device,D_5I0D77JYP1,ios,0,0
D_NQQ1V1QM2C,device,D_NQQ1V1QM2C,android,0,0
D_UCHEUHPR2M,device,D_UCHEUHPR2M,ios,0,0
D_MRE0VFIFJW,device,D_MRE0VFIFJW,ios,0,0
D_CK4J4GXXWK,device,D_CK4J4GXXWK,windows,0,0
D_QY316IX5T0,device,D_QY316IX5T0,android,0,0
D_HBL1JQWLBX,device,D_HBL1JQWLBX,android,0,0
D_7X99D5GYH5,device,D_7X99D5GYH5,android,0,0
D_ILJB7686M4,device,D_ILJB7686M4,ios,0,0
D_R75V0OBGK9,device,D_R75V0OBGK9,android,0,0
D_M8YEIAYA8H,device,D_M8YEIAYA8H,windows,0,0
D_RLFGV5FASB,device,D_RLFGV5FASB,ios,0,0
D_TX5U2PCK4P,device,D_TX5U2PCK4P,android,0,0
D_XH94NH3GB9,device,D_XH94NH3GB9,ios,0,0
D_EN3VSTQAB9,device,D_EN3VSTQAB9,android,0,0
D_OFE2K6UMW8,device,D_OFE2K6UMW8,mac,0,0
D_VT9A1JYO08,device,D_VT9A1JYO08,android,0,0
D_2LPFDMGYSK,device,D_2LPFDMGYSK,android,0,0
D_KJZHDNW4Y2,device,D_KJZHDNW4Y2,ios,0,0
D_S80LCBKW33,device,D_S80LCBKW33,android,0,0
D_EDFYG9AR99,device,D_EDFYG9AR99,android,0,0
D_V9Z81A6FMO,device,D_V9Z81A6FMO,ios,0,0
D_SV037NKGPH,device,D_SV037NKGPH,android,0,0
D_4P64NNBHXX,device,D_4P64NNBHXX,android,0,0
D_9EINTZ8Z2D,device,D_9EINTZ8Z2D,ios,0,0
D_CLIO4OQD4R,device,D_CLIO4OQD4R,android,0,0
D_KRHOMQEVWJ,device,D_KRHOMQEVWJ,ios,0,0
D_UAXWE7EXCO,device,D_UAXWE7EXCO,ios,0,0
D_D42CQVGV3G,device,D_D42CQVGV3G,android,0,0
D_7VY3KAXGGE,device,D_7VY3KAXGGE,ios,0,0
D_IEASNLL3DR,device,D_IEASNLL3DR,windows,0,0
D_D35WV8DPI3,device,D_D35WV8DPI3,android,0,0
D_UZ0GVM1FKN,device,D_UZ0GVM1FKN,linux,0,0
D_R9V2NYTNU7,device,D_R9V2NYTNU7,android,0,0
D_O2V649GPLN,device,D_O2V649GPLN,ios,0,0
D_8D2BL9KT18,device,D_8D2BL9KT18,android,0,0
D_4HIT2VU4LY,device,D_4HIT2VU4LY,windows,0,0
D_Y3MAA3GB82,device,D_Y3MAA3GB82,android,0,0
D_RZ8JPM9QE9,device,D_RZ8JPM9QE9,android,0,0
D_0H3ZZNI44J,device,D_0H3ZZNI44J,android,0,0
D_DH69MEN3SH,device,D_DH69MEN3SH,ios,0,0
D_JFPGWXB0D4,device,D_JFPGWXB0D4,ios,0,0
D_J6NSR5OJLY,device,D_J6NSR5OJLY,ios,0,0
D_Q42Y2PMR0V,device,D_Q42Y2PMR0V,android,0,0
D_P3B3H2Y7JU,device,D_P3B3H2Y7JU,ios,0,0
D_YHTLH80UCC,device,D_YHTLH80UCC,android,0,0
D_UZRTKP235V,device,D_UZRTKP235V,android,0,0
D_CPR0O4PE28,device,D_CPR0O4PE28,android,0,0
D_WB4WA0KNJS,device,D_WB4WA0KNJS,ios,0,0
D_9K5PC02464,device,D_9K5PC02464,android,0,0
D_QOE9UZX3Y6,device,D_QOE9UZX3Y6,android,0,0
D_G0VFOI6IK9,device,D_G0VFOI6IK9,windows,0,0
D_P4M3JG43D4,device,D_P4M3JG43D4,android,0,0
D_5R30LLTHMT,device,D_5R30LLTHMT,ios,0,0
D_YDMKPV3581,device,D_YDMKPV3581,ios,0,0
D_RXLJLLFSSD,device,D_RXLJLLFSSD,android,0,0
D_MJJCHT8LHJ,device,D_MJJCHT8LHJ,android,0,0
D_S4TF3J64K2,device,D_S4TF3J64K2,ios,0,0
D_P4C9H4KX70,device,D_P4C9H4KX70,android,0,0
D_PJWKW49BJH,device,D_PJWKW49BJH,ios,0,0
D_1KLCCYMT4P,device,D_1KLCCYMT4P,android,0,0
D_L3GFGZCNJ6,device,D_L3GFGZCNJ6,ios,0,0
D_1SMPXZBQPR,device,D_1SMPXZBQPR,windows,0,0
D_FG9BR89HCL,device,D_FG9BR89HCL,ios,0,0
D_526IJ75PBU,device,D_526IJ75PBU,android,0,0
D_SG5U45AQAK,device,D_SG5U45AQAK,android,0,0
D_ZHDD49H06D,device,D_ZHDD49H06D,ios,0,0
D_T44E2PB9U8,device,D_T44E2PB9U8,linux,0,0
D_CGRWMTAGSB,device,D_CGRWMTAGSB,android,0,0
D_D6T2ZGNITZ,device,D_D6T2ZGNITZ,ios,0,0
D_TTY3PSF5RB,device,D_TTY3PSF5RB,android,0,0
D_YENTEEZDEW,device,D_YENTEEZDEW,mac,0,0
D_RKH95S1C0D,device,D_RKH95S1C0D,mac,0,0
D_4PODCU5O0Q,device,D_4PODCU5O0Q,android,0,0
D_2K14A3K45K,device,D_2K14A3K45K,android,0,0
D_6AO0P5SAC0,device,D_6AO0P5SAC0,ios,0,0
D_7J0NP7Q4B5,device,D_7J0NP7Q4B5,linux,0,0
D_ENTN358DKV,device,D_ENTN358DKV,ios,0,0
D_CZHA5S8UDG,device,D_CZHA5S8UDG,ios,0,0
D_HNDP6ZRGGC,device,D_HNDP6ZRGGC,linux,0,0
D_MHJ9UZP8NX,device,D_MHJ9UZP8NX,ios,0,0
D_B520FB4P9F,device,D_B520FB4P9F,android,0,0
D_SIX0TYRM31,device,D_SIX0TYRM31,android,0,0
D_4L5RWJERTW,device,D_4L5RWJERTW,windows,0,0
D_MQ5YBRQ2EY,device,D_MQ5YBRQ2EY,android,0,0
D_3J45FDMLRS,device,D_3J45FDMLRS,android,0,0
D_IWOFAM1K1E,device,D_IWOFAM1K1E,ios,0,0
D_N18X3LJ9F5,device,D_N18X3LJ9F5,ios,0,0
D_U8ZOAMNCA7,device,D_U8ZOAMNCA7,windows,0,0
D_QQG2KOD13B,device,D_QQG2KOD13B,android,0,0
D_61KPFIIA9U,device,D_61KPFIIA9U,ios,0,0
D_DE2L6JRYBI,device,D_DE2L6JRYBI,android,0,0
D_8OWGU0E6E5,device,D_8OWGU0E6E5,ios,0,0
D_8AVNGDR5H5,device,D_8AVNGDR5H5,android,0,0
D_JHL7IAKU6N,device,D_JHL7IAKU6N,ios,0,0
D_VUEZPMSBQR,device,D_VUEZPMSBQR,ios,0,0
D_JPXAHH0JO5,device,D_JPXAHH0JO5,android,0,0
D_9MIDVFFNIF,device,D_9MIDVFFNIF,mac,0,0
D_UEI48VLTV8,device,D_UEI48VLTV8,android,0,0
D_AKCDA9JP9A,device,D_AKCDA9JP9A,android,0,0
D_ZL70QVANRH,device,D_ZL70QVANRH,ios,0,0
D_R6FC4W408Y,device,D_R6FC4W408Y,android,0,0
D_O1WEKW1KN6,device,D_O1WEKW1KN6,mac,0,0
D_RY37I905IZ,device,D_RY37I905IZ,android,0,0
D_RDTPF0RNVH,device,D_RDTPF0RNVH,ios,0,0
D_2OHHMV6YVO,device,D_2OHHMV6YVO,linux,0,0
D_K7AX2EV7PG,device,D_K7AX2EV7PG,android,0,0
D_7ZIIC3OB8M,device,D_7ZIIC3OB8M,ios,0,0
D_LX0BCRU7EH,device,D_LX0BCRU7EH,android,0,0
D_HDHLR5E5R0,device,D_HDHLR5E5R0,ios,0,0
D_WPTIY10Q04,device,D_WPTIY10Q04,ios,0,0
D_5IMZM424OJ,device,D_5IMZM424OJ,mac,0,0
D_VA3R25NHBV,device,D_VA3R25NHBV,android,0,0
D_OKPDEAF7Q7,device,D_OKPDEAF7Q7,android,0,0
D_LK1XR6VNK1,device,D_LK1XR6VNK1,linux,0,0
D_0ADWAI09C1,device,D_0ADWAI09C1,android,0,0
D_1KX29AHSXF,device,D_1KX29AHSXF,android,0,0
D_KMKAKE1Z0R,device,D_KMKAKE1Z0R,mac,0,0
D_LA0V2C4HWS,device,D_LA0V2C4HWS,android,0,0
D_BZ0QQEH0Z8,device,D_BZ0QQEH0Z8,ios,0,0
D_6ILH98KPVO,device,D_6ILH98KPVO,mac,0,0
D_VR0HKBXKXX,device,D_VR0HKBXKXX,ios,0,0
D_KY99DUBE25,device,D_KY99DUBE25,ios,0,0
D_I7DMRQ7KVL,device,D_I7DMRQ7KVL,ios,0,0
D_SJRFWP6B9F,device,D_SJRFWP6B9F,android,0,0
D_WNHIPLN20G,device,D_WNHIPLN20G,mac,0,0
D_KQQLQ5MP96,device,D_KQQLQ5MP96,android,0,0
D_K9CQL2K42N,device,D_K9CQL2K42N,ios,0,0
D_0D4NRE6OR6,device,D_0D4NRE6OR6,android,0,0
D_7AFY7T5F8K,device,D_7AFY7T5F8K,android,0,0
D_RRE3HF95WR,device,D_RRE3HF95WR,ios,0,0
D_D7LJC7P9E3,device,D_D7LJC7P9E3,android,0,0
D_EJTAI7CMNG,device,D_EJTAI7CMNG,android,0,0
D_RMMYB3WYTT,device,D_RMMYB3WYTT,android,0,0
D_52HUL4D9QV,device,D_52HUL4D9QV,android,0,0
D_AJGJ4VN5ND,device,D_AJGJ4VN5ND,ios,0,0
D_CN1WTULQZB,device,D_CN1WTULQZB,android,0,0
D_0PO8BYVPJG,device,D_0PO8BYVPJG,ios,0,0
D_XKVAP4Y98N,device,D_XKVAP4Y98N,android,0,0
D_SDUATLMH8J,device,D_SDUATLMH8J,android,0,0
D_BWOXUHEXYH,device,D_BWOXUHEXYH,ios,0,0
D_JY2EBURVJD,device,D_JY2EBURVJD,ios,0,0
D_7WLKMMOCZK,device,D_7WLKMMOCZK,ios,0,0
D_4ITY37ST1T,device,D_4ITY37ST1T,android,0,0
D_THCQGCEIGH,device,D_THCQGCEIGH,ios,0,0
D_Y4R9K4PQKS,device,D_Y4R9K4PQKS,ios,0,0
D_S4NBAYXU5N,device,D_S4NBAYXU5N,ios,0,0
D_SM7ECDXOSR,device,D_SM7ECDXOSR,android,0,0
D_OZ6RIC9W3P,device,D_OZ6RIC9W3P,android,0,0
D_UYY8T2TKX0,device,D_UYY8T2TKX0,android,0,0
D_WLJ8VE8PJ2,device,D_WLJ8VE8PJ2,android,0,0
D_7FZXTGYS2T,device,D_7FZXTGYS2T,android,0,0
D_LXMZDCE3EZ,device,D_LXMZDCE3EZ,mac,0,0
D_F8WFGCMRT9,device,D_F8WFGCMRT9,ios,0,0
D_8MT1G7T2MX,device,D_8MT1G7T2MX,android,0,0
D_5P1EC2HQLH,device,D_5P1EC2HQLH,android,0,0
D_1LHNPLLUIS,device,D_1LHNPLLUIS,android,0,0
D_2IM5BWK5ZT,device,D_2IM5BWK5ZT,android,0,0
D_VL6ZN19B4U,device,D_VL6ZN19B4U,linux,0,0
D_EPSS1KRPOB,device,D_EPSS1KRPOB,mac,0,0
D_44Y657BGCX,device,D_44Y657BGCX,android,0,0
D_VQ8WPCGMFK,device,D_VQ8WPCGMFK,android,0,0
D_FT7RUZHER8,device,D_FT7RUZHER8,android,0,0
D_D5KIMCSQHG,device,D_D5KIMCSQHG,android,0,0
D_AZQ89ORXV5,device,D_AZQ89ORXV5,linux,0,0
D_R6X2NE7VLV,device,D_R6X2NE7VLV,android,0,0
D_28W40VCD97,device,D_28W40VCD97,ios,0,0
D_L9K8WOF1XQ,device,D_L9K8WOF1XQ,android,0,0
D_LU4FXP6DPY,device,D_LU4FXP6DPY,android,0,0
D_9K42B7M4I8,device,D_9K42B7M4I8,windows,0,0
D_NP9IVD5OW4,device,D_NP9IVD5OW4,windows,0,0
D_V6RH3MFP7X,device,D_V6RH3MFP7X,linux,0,0
D_UJ7EQUMIL2,device,D_UJ7EQUMIL2,android,0,0
D_OA9GHRWGYN,device,D_OA9GHRWGYN,ios,0,0
D_JJEE3ZDJYD,device,D_JJEE3ZDJYD,android,0,0
D_CY1B8PZJ96,device,D_CY1B8PZJ96,ios,0,0
D_RRBY36PG7J,device,D_RRBY36PG7J,linux,0,0
D_5WYRRWQ0GE,device,D_5WYRRWQ0GE,android,0,0
D_QXUI09DP3X,device,D_QXUI09DP3X,linux,0,0
D_VU7PDMBAWT,device,D_VU7PDMBAWT,android,0,0
D_LDTVLCD5V6,device,D_LDTVLCD5V6,ios,0,0
D_191QQV6NNO,device,D_191QQV6NNO,android,0,0
D_RPRVTFZBQ3,device,D_RPRVTFZBQ3,ios,0,0
D_1M56KUUJZY,device,D_1M56KUUJZY,android,0,0
D_6THAG8MAX1,device,D_6THAG8MAX1,android,0,0
D_YF2B5OH34D,device,D_YF2B5OH34D,android,0,0
D_Y27A24LOE5,device,D_Y27A24LOE5,ios,0,0
D_KAH84BJ6CR,device,D_KAH84BJ6CR,windows,0,0
D_O5UGFMHR9E,device,D_O5UGFMHR9E,android,0,0
D_U8V6SS0FEN,device,D_U8V6SS0FEN,linux,0,0
D_X7P88528VL,device,D_X7P88528VL,ios,0,0
D_P2TS62HAJM,device,D_P2TS62HAJM,ios,0,0
D_IQIJKTC8O6,device,D_IQIJKTC8O6,windows,0,0
D_M556YWTUWL,device,D_M556YWTUWL,ios,0,0
D_8KC3V0PZZU,device,D_8KC3V0PZZU,android,0,0
D_WDWU2QNOL4,device,D_WDWU2QNOL4,mac,0,0
D_IMHJ0QZPFN,device,D_IMHJ0QZPFN,android,0,0
D_A5ZI6T5RNO,device,D_A5ZI6T5RNO,ios,0,0
D_GDJ68BMB0Y,device,D_GDJ68BMB0Y,ios,0,0
D_0P0Y6ZSMDP,device,D_0P0Y6ZSMDP,android,0,0
D_ZSS8XESBR3,device,D_ZSS8XESBR3,android,0,0
D_1J5PFVSPZG,device,D_1J5PFVSPZG,ios,0,0
D_OAJSTUTNF0,device,D_OAJSTUTNF0,android,0,0
D_GHKJJMMDZB,device,D_GHKJJMMDZB,android,0,0
D_58X239X8QF,device,D_58X239X8QF,windows,0,0
D_UC6VL4BJ18,device,D_UC6VL4BJ18,ios,0,0
D_QHKU5TPT1T,device,D_QHKU5TPT1T,android,0,0
D_M902APLVE2,device,D_M902APLVE2,mac,0,0
D_5X5Z89BJXH,device,D_5X5Z89BJXH,android,0,0
D_TRMDZ0WNUL,device,D_TRMDZ0WNUL,android,0,0
D_4QXMUCZZL3,device,D_4QXMUCZZL3,ios,0,0
D_TYYCCJFEH1,device,D_TYYCCJFEH1,ios,0,0
D_JF2K6XYEO2,device,D_JF2K6XYEO2,android,0,0
D_1P9XRDSAS5,device,D_1P9XRDSAS5,ios,0,0
D_3V4IW2KHXZ,device,D_3V4IW2KHXZ,windows,0,0
D_H78G5QTEY5,device,D_H78G5QTEY5,linux,0,0
D_W94SS3O0EK,device,D_W94SS3O0EK,ios,0,0
D_219QG5G5Y5,device,D_219QG5G5Y5,android,0,0
D_DM5BY1R89B,device,D_DM5BY1R89B,mac,0,0
D_HSDDC05K1E,device,D_HSDDC05K1E,android,0,0
D_D7U2VYPLUW,device,D_D7U2VYPLUW,android,0,0
D_EX1WDP1TCF,device,D_EX1WDP1TCF,android,0,0
D_6H87N65SPE,device,D_6H87N65SPE,ios,0,0
D_T4DVFD73D3,device,D_T4DVFD73D3,linux,0,0
D_1P6K18DZ3N,device,D_1P6K18DZ3N,android,0,0
D_ZNSEZCJAAC,device,D_ZNSEZCJAAC,ios,0,0
D_P5K1Z7GX4X,device,D_P5K1Z7GX4X,ios,0,0
D_7YGHAR6ETC,device,D_7YGHAR6ETC,mac,0,0
D_14HXY10T0C,device,D_14HXY10T0C,android,0,0
D_AD3R1D22SC,device,D_AD3R1D22SC,ios,0,0
D_UJ2OEKEG70,device,D_UJ2OEKEG70,ios,0,0
D_P5Q9EIDNTZ,device,D_P5Q9EIDNTZ,ios,0,0
D_3425XJYJQ9,device,D_3425XJYJQ9,linux,0,0
D_U1DNKQNMJ8,device,D_U1DNKQNMJ8,android,0,0
D_IAUHY1P11R,device,D_IAUHY1P11R,android,0,0
D_G3BBXFP1UM,device,D_G3BBXFP1UM,mac,0,0
D_JAPYV25FN6,device,D_JAPYV25FN6,android,0,0
D_L67JOLKU5N,device,D_L67JOLKU5N,android,0,0
D_CT4RSPURDF,device,D_CT4RSPURDF,linux,0,0
D_M3XADHM64V,device,D_M3XADHM64V,ios,0,0
D_C32QNF6K6Q,device,D_C32QNF6K6Q,linux,0,0
D_MZX8X3BIET,device,D_MZX8X3BIET,ios,0,0
D_6HP5PE43KO,device,D_6HP5PE43KO,android,0,0
D_NP32EH134C,device,D_NP32EH134C,ios,0,0
D_KSX57WNAIS,device,D_KSX57WNAIS,mac,0,0
D_07YY1HURWF,device,D_07YY1HURWF,android,0,0
D_ROSMVW2PZB,device,D_ROSMVW2PZB,ios,0,0
D_XJCXG63R9R,device,D_XJCXG63R9R,ios,0,0
D_APPFSIVXB4,device,D_APPFSIVXB4,android,0,0
D_YNM8EMM3VO,device,D_YNM8EMM3VO,android,0,0
D_0NW6A340TF,device,D_0NW6A340TF,android,0,0
D_XCKZISCDVL,device,D_XCKZISCDVL,windows,0,0
D_9E65B3CS7N,device,D_9E65B3CS7N,windows,0,0
D_WL0WLX8DBT,device,D_WL0WLX8DBT,android,0,0
D_TU9QOGMNN0,device,D_TU9QOGMNN0,android,0,0
D_XSUXSEHV7P,device,D_XSUXSEHV7P,ios,0,0
D_ROT9V8YY95,device,D_ROT9V8YY95,mac,0,0
D_B4R5RTH5CG,device,D_B4R5RTH5CG,ios,0,0
D_X4XHSI49GY,device,D_X4XHSI49GY,android,0,0
D_VGRQ6I11V4,device,D_VGRQ6I11V4,android,0,0
D_5BOLFYH0SA,device,D_5BOLFYH0SA,mac,0,0
D_V2P7BBHJ31,device,D_V2P7BBHJ31,android,0,0
D_QH0VSQAQ2N,device,D_QH0VSQAQ2N,mac,0,0
D_5YUKCB6V6D,device,D_5YUKCB6V6D,ios,0,0
D_1SGUBJV9NF,device,D_1SGUBJV9NF,android,0,0
D_X99SEYQFKI,device,D_X99SEYQFKI,ios,0,0
D_KAM1KLOD85,device,D_KAM1KLOD85,android,0,0
D_YRSLR9T3LU,device,D_YRSLR9T3LU,android,0,0
D_50EB8D2AHL,device,D_50EB8D2AHL,android,0,0
D_75O7WGUALM,device,D_75O7WGUALM,ios,0,0
D_UI1JZGYCEN,device,D_UI1JZGYCEN,android,0,0
D_05ZRLBZBJH,device,D_05ZRLBZBJH,ios,0,0
D_ZAXV6QY7ZA,device,D_ZAXV6QY7ZA,ios,0,0
D_2J0O9055X8,device,D_2J0O9055X8,ios,0,0
D_NOH4TV4P53,device,D_NOH4TV4P53,ios,0,0
D_AJFM95JEW5,device,D_AJFM95JEW5,ios,0,0
D_2XLMJIUBVD,device,D_2XLMJIUBVD,ios,0,0
D_EIS9OCXJ6A,device,D_EIS9OCXJ6A,ios,0,0
D_BNYGIA10P3,device,D_BNYGIA10P3,android,0,0
D_2HGQ7IDQQC,device,D_2HGQ7IDQQC,android,0,0
D_HQKS38KRWM,device,D_HQKS38KRWM,windows,0,0
D_DBTYK0MIWL,device,D_DBTYK0MIWL,android,0,0
D_FJ4ZDNRK4J,device,D_FJ4ZDNRK4J,ios,0,0
D_XFO1CDHI6P,device,D_XFO1CDHI6P,android,0,0
D_BDQE9BDZHI,device,D_BDQE9BDZHI,ios,0,0
D_35SRF6SC2S,device,D_35SRF6SC2S,android,0,0
D_BH68QPA2D1,device,D_BH68QPA2D1,android,0,0
D_GU2D2CRPQE,device,D_GU2D2CRPQE,android,0,0
D_QVZL723MHR,device,D_QVZL723MHR,android,0,0
D_9QUWAKTMGP,device,D_9QUWAKTMGP,mac,0,0
D_D9YH7T4U2Y,device,D_D9YH7T4U2Y,ios,0,0
D_FCEC8DKGB8,device,D_FCEC8DKGB8,mac,0,0
D_PWREPB15AV,device,D_PWREPB15AV,android,0,0
D_ILIVI7KX3N,device,D_ILIVI7KX3N,linux,0,0
D_5H4REAQE6B,device,D_5H4REAQE6B,android,0,0
D_PB2DKVE7VJ,device,D_PB2DKVE7VJ,android,0,0
D_ZAOR7DG3JZ,device,D_ZAOR7DG3JZ,android,0,0
D_PAIJMRHBQG,device,D_PAIJMRHBQG,windows,0,0
D_MLHT9EYRMB,device,D_MLHT9EYRMB,android,0,0
D_MPTPO5EW4V,device,D_MPTPO5EW4V,android,0,0
D_8O8WRNKNX1,device,D_8O8WRNKNX1,android,0,0
D_3C57V5AWZS,device,D_3C57V5AWZS,android,0,0
D_AH1S6R9EW8,device,D_AH1S6R9EW8,windows,0,0
D_9WWD0950BH,device,D_9WWD0950BH,ios,0,0
D_O3XZRZKYVM,device,D_O3XZRZKYVM,ios,0,0
D_YJS9ED4AYD,device,D_YJS9ED4AYD,android,0,0
D_E8BHK0IZ22,device,D_E8BHK0IZ22,android,0,0
D_FD244PI75V,device,D_FD244PI75V,ios,0,0
D_VCUDAHAP5I,device,D_VCUDAHAP5I,android,0,0
D_ZKGGDLY2RK,device,D_ZKGGDLY2RK,android,0,0
D_J2LBTT3RWG,device,D_J2LBTT3RWG,ios,0,0
D_O95DNYB7IN,device,D_O95DNYB7IN,android,0,0
D_3O3UG6S53Q,device,D_3O3UG6S53Q,windows,0,0
D_5HOH8ZJG8C,device,D_5HOH8ZJG8C,android,0,0
D_N7QA2TBYY2,device,D_N7QA2TBYY2,android,0,0
D_702HHNNQ81,device,D_702HHNNQ81,ios,0,0
D_UY9KFTQEE4,device,D_UY9KFTQEE4,windows,0,0
D_J62PTUML6T,device,D_J62PTUML6T,android,0,0
D_44F43KI7GC,device,D_44F43KI7GC,android,0,0
D_7BFMO16CHD,device,D_7BFMO16CHD,ios,0,0
D_2OIQS60QEY,device,D_2OIQS60QEY,android,0,0
D_ASR3OCVETE,device,D_ASR3OCVETE,android,0,0
D_0628D3B920,device,D_0628D3B920,mac,0,0
D_MQADS8F6QT,device,D_MQADS8F6QT,ios,0,0
D_7T6515Y4WQ,device,D_7T6515Y4WQ,ios,0,0
D_QRDU9YFR1G,device,D_QRDU9YFR1G,ios,0,0
D_Z6FV7OIY2T,device,D_Z6FV7OIY2T,android,0,0
D_HXC0V8T780,device,D_HXC0V8T780,ios,0,0
D_LSN6MHLAJG,device,D_LSN6MHLAJG,linux,0,0
D_G6LDLV3NI2,device,D_G6LDLV3NI2,ios,0,0
D_4VU650WXHK,device,D_4VU650WXHK,android,0,0
D_G2VKEVRI0A,device,D_G2VKEVRI0A,android,0,0
D_9XTZE6VW48,device,D_9XTZE6VW48,android,0,0
D_HLX986TC5L,device,D_HLX986TC5L,mac,0,0
D_OLBGUW84RW,device,D_OLBGUW84RW,android,0,0
D_X9NYYFEVB5,device,D_X9NYYFEVB5,ios,0,0
D_1WE2OJ64BN,device,D_1WE2OJ64BN,ios,0,0
D_V365435ZL6,device,D_V365435ZL6,mac,0,0
D_TWXY5FRKXR,device,D_TWXY5FRKXR,linux,0,0
D_8OGBRQWG9S,device,D_8OGBRQWG9S,ios,0,0
D_6RJTAKST1F,device,D_6RJTAKST1F,android,0,0
D_JDBHYIM0T0,device,D_JDBHYIM0T0,android,0,0
D_UA6P9WXQPR,device,D_UA6P9WXQPR,android,0,0
D_ZQQGI5E6Q3,device,D_ZQQGI5E6Q3,linux,0,0
D_Y35BYLL6B4,device,D_Y35BYLL6B4,ios,0,0
D_G5JS815LP0,device,D_G5JS815LP0,android,0,0
D_G8GC2EXPTX,device,D_G8GC2EXPTX,android,0,0
D_HJFRP0YNGN,device,D_HJFRP0YNGN,android,0,0
D_L0F43IQQC9,device,D_L0F43IQQC9,android,0,0
D_IDMRWICRP3,device,D_IDMRWICRP3,android,0,0
D_ZFPN1BBMFJ,device,D_ZFPN1BBMFJ,ios,0,0
D_PEW4SA80K5,device,D_PEW4SA80K5,android,0,0
D_V5DLJGS7FR,device,D_V5DLJGS7FR,android,0,0
D_390FU679J6,device,D_390FU679J6,ios,0,0
D_HDBKTVP3WZ,device,D_HDBKTVP3WZ,ios,0,0
D_MRANLOST21,device,D_MRANLOST21,android,0,0
D_8AZ9OKI1TC,device,D_8AZ9OKI1TC,ios,0,0
D_42OUTM79GW,device,D_42OUTM79GW,android,0,0
D_POPSJVYF9P,device,D_POPSJVYF9P,windows,0,0
D_B7WOHQD3YN,device,D_B7WOHQD3YN,ios,0,0
D_LTEDJR8ST5,device,D_LTEDJR8ST5,android,0,0
D_WPH9CCWBKS,device,D_WPH9CCWBKS,android,0,0
D_SCDKJALYUR,device,D_SCDKJALYUR,android,0,0
D_J6SEACQAFK,device,D_J6SEACQAFK,ios,0,0
D_GPBP5JYTMN,device,D_GPBP5JYTMN,mac,0,0
D_0ZH1JHFVLU,device,D_0ZH1JHFVLU,android,0,0
D_XQ4QJEODNU,device,D_XQ4QJEODNU,ios,0,0
D_H67K9L8D2A,device,D_H67K9L8D2A,android,0,0
D_AY4R5N8RBE,device,D_AY4R5N8RBE,android,0,0
D_8QG4NBWP8C,device,D_8QG4NBWP8C,windows,0,0
D_SKMR1ABK50,device,D_SKMR1ABK50,linux,0,0
D_RNN3XZH6Y8,device,D_RNN3XZH6Y8,ios,0,0
D_2LUJW0H5HJ,device,D_2LUJW0H5HJ,android,0,0
D_72HO89YYNM,device,D_72HO89YYNM,linux,0,0
D_ZNR2Q4V65F,device,D_ZNR2Q4V65F,android,0,0
D_M6LEXKWDPJ,device,D_M6LEXKWDPJ,android,0,0
D_3LPBW749SE,device,D_3LPBW749SE,android,0,0
D_TW7T125T24,device,D_TW7T125T24,android,0,0
D_RDABZWYH0A,device,D_RDABZWYH0A,android,0,0
D_PRSKWCHJ8X,device,D_PRSKWCHJ8X,linux,0,0
D_7NPO213UMJ,device,D_7NPO213UMJ,ios,0,0
D_47E3H29MC9,device,D_47E3H29MC9,android,0,0
D_FLIB7TUDJI,device,D_FLIB7TUDJI,mac,0,0
D_OU2H3GC6C6,device,D_OU2H3GC6C6,ios,0,0
D_95XU6PP7SR,device,D_95XU6PP7SR,android,0,0
D_B9KQZV5AOS,device,D_B9KQZV5AOS,android,0,0
D_BFGFBTOPQR,device,D_BFGFBTOPQR,android,0,0
D_BEW2TLY1QG,device,D_BEW2TLY1QG,ios,0,0
D_OURAIRD9I9,device,D_OURAIRD9I9,ios,0,0
D_K4CD0TXFGV,device,D_K4CD0TXFGV,android,0,0
D_9PF3NRNLB6,device,D_9PF3NRNLB6,android,0,0
D_S7S1NU7UHT,device,D_S7S1NU7UHT,android,0,0
D_FVKYGTVWWU,device,D_FVKYGTVWWU,ios,0,0
D_VK9AE0QF1K,device,D_VK9AE0QF1K,android,0,0
D_LGP9JQLLDI,device,D_LGP9JQLLDI,linux,0,0
D_V4SYDU5IR2,device,D_V4SYDU5IR2,android,0,0
D_T3L7FX4E5B,device,D_T3L7FX4E5B,android,0,0
D_0NKME0AN5S,device,D_0NKME0AN5S,ios,0,0
D_DH22VGTG3Z,device,D_DH22VGTG3Z,android,0,0
D_LWHIGGOVIX,device,D_LWHIGGOVIX,android,0,0
D_JWSX5E03YP,device,D_JWSX5E03YP,android,0,0
D_9QZ7NSQ24L,device,D_9QZ7NSQ24L,android,0,0
D_7HWS13U87M,device,D_7HWS13U87M,android,0,0
D_8HTFZB49AZ,device,D_8HTFZB49AZ,ios,0,0
D_3OC2YUADUS,device,D_3OC2YUADUS,ios,0,0
D_AP51MZJ9ZM,device,D_AP51MZJ9ZM,android,0,0
D_G9LYMXXFKA,device,D_G9LYMXXFKA,android,0,0
D_L90KTGXRIF,device,D_L90KTGXRIF,android,0,0
D_GJUDW2C4BQ,device,D_GJUDW2C4BQ,android,0,0
D_BJ3IPLM2ZX,device,D_BJ3IPLM2ZX,ios,0,0
D_L7KO6U6Z1N,device,D_L7KO6U6Z1N,windows,0,0
